Name,Type,R0.3,V0.3,R,V,e_V
CVnIdwA,Data,2.437499,23.774862,0.077949,0.166983,0.114827
CVnIdwA,Data,2.437499,23.774862,0.151795,0.257415,0.095479
CVnIdwA,Data,2.437499,23.774862,0.229744,0.317142,0.086646
CVnIdwA,Data,2.437499,23.774862,0.30359,0.380234,0.07529
CVnIdwA,Data,2.437499,23.774862,0.381539,0.429445,0.076972
CVnIdwA,Data,2.437499,23.774862,0.455385,0.505155,0.067719
CVnIdwA,Data,2.437499,23.774862,0.533334,0.572453,0.06856
CVnIdwA,Data,2.437499,23.774862,0.60718,0.728501,0.070663
CVnIdwA,Data,2.437499,23.774862,0.685128,0.890857,0.071504
CVnIdwA,Data,2.437499,23.774862,0.758975,1.011993,0.092535
CVnIdwA,Data,2.437499,23.774862,0.836923,1.11252,0.113986
CVnIdwA,Data,2.437499,23.774862,0.91077,1.090227,0.083281
CVnIdwA,Data,2.437499,23.774862,0.988718,1.001478,0.104312
CVnIdwA,Data,2.437499,23.774862,1.062564,0.991804,0.086646
CVnIdwA,Model,2.96,25.6588,0.064189,0.116692,0.106396
CVnIdwA,Model,2.96,25.6588,0.125,0.223646,0.088469
CVnIdwA,Model,2.96,25.6588,0.189189,0.32968,0.080284
CVnIdwA,Model,2.96,25.6588,0.25,0.421816,0.069762
CVnIdwA,Model,2.96,25.6588,0.314189,0.509467,0.071321
CVnIdwA,Model,2.96,25.6588,0.375,0.583453,0.062747
CVnIdwA,Model,2.96,25.6588,0.439189,0.652591,0.063526
CVnIdwA,Model,2.96,25.6588,0.5,0.710415,0.065475
CVnIdwA,Model,2.96,25.6588,0.564189,0.764307,0.066254
CVnIdwA,Model,2.96,25.6588,0.625,0.809453,0.085741
CVnIdwA,Model,2.96,25.6588,0.689189,0.851723,0.105617
CVnIdwA,Model,2.96,25.6588,0.75,0.887364,0.077167
CVnIdwA,Model,2.96,25.6588,0.814189,0.920982,0.096653
CVnIdwA,Model,2.96,25.6588,0.875,0.949553,0.080284
CVnIdwA,Model,2.96,25.6588,0.939189,0.976721,0.075608
CVnIdwA,Model,2.96,25.6588,1.0,1.0,0.065864
DDO_210,Data,0.31,12.02,0.129032,0.222962,0.069884
DDO_210,Data,0.31,12.02,0.258065,0.34609,0.060732
DDO_210,Data,0.31,12.02,0.387097,0.480865,0.058236
DDO_210,Data,0.31,12.02,0.516129,0.584027,0.050749
DDO_210,Data,0.31,12.02,0.645161,0.659734,0.056572
DDO_210,Data,0.31,12.02,0.774194,0.774542,0.054908
DDO_210,Data,0.31,12.02,0.870968,0.863561,0.062396
DDO_210,Data,0.31,12.02,1.0,1.0,0.073211
DDO_210,Model,0.31,11.3116,0.129032,0.172458,0.07426
DDO_210,Model,0.31,11.3116,0.258065,0.337575,0.064536
DDO_210,Model,0.31,11.3116,0.387097,0.489787,0.061883
DDO_210,Model,0.31,11.3116,0.516129,0.626129,0.053927
DDO_210,Model,0.31,11.3116,0.645161,0.745957,0.060115
DDO_210,Model,0.31,11.3116,0.774194,0.850159,0.058347
DDO_210,Model,0.31,11.3116,0.870968,0.91903,0.066304
DDO_210,Model,0.31,11.3116,1.0,1.0,0.077796
DDO_216,Data,0.485115,13.560367,0.185523,0.238194,0.296452
DDO_216,Data,0.485115,13.560367,0.350433,0.622402,0.202797
DDO_216,Data,0.485115,13.560367,0.535956,0.71532,0.189523
DDO_216,Data,0.485115,13.560367,0.700865,0.862071,0.171824
DDO_216,Data,0.485115,13.560367,0.886389,0.947615,0.141589
DDO_216,Data,0.485115,13.560367,1.071912,0.925491,0.146751
DDO_216,Data,0.485115,13.560367,1.236821,0.966788,0.178461
DDO_216,Data,0.485115,13.560367,1.422344,0.992599,0.188048
DDO_216,Data,0.485115,13.560367,1.587254,1.050119,0.184361
DDO_216,Data,0.485115,13.560367,1.772777,1.067818,0.185098
DDO_216,Data,0.485115,13.560367,1.937687,1.125338,0.177724
DDO_216,Data,0.485115,13.560367,2.12321,1.221206,0.233769
DDO_216,Data,0.485115,13.560367,2.308733,1.394505,0.241144
DDO_216,Model,0.48497,13.137949,0.185579,0.331524,0.305984
DDO_216,Model,0.48497,13.137949,0.350537,0.5619,0.209317
DDO_216,Model,0.48497,13.137949,0.536116,0.743401,0.195617
DDO_216,Model,0.48497,13.137949,0.701075,0.855179,0.177349
DDO_216,Model,0.48497,13.137949,0.886653,0.945087,0.146142
DDO_216,Model,0.48497,13.137949,1.072232,1.0105,0.15147
DDO_216,Model,0.48497,13.137949,1.23719,1.054974,0.184199
DDO_216,Model,0.48497,13.137949,1.422769,1.094402,0.194094
DDO_216,Model,0.48497,13.137949,1.587728,1.122626,0.190288
DDO_216,Model,0.48497,13.137949,1.773306,1.148741,0.19105
DDO_216,Model,0.48497,13.137949,1.938265,1.168135,0.183438
DDO_216,Model,0.48497,13.137949,2.123843,1.186631,0.241286
DDO_216,Model,0.48497,13.137949,2.309422,1.202364,0.248897
DDO_53,Data,1.204556,31.441326,0.09132,0.061702,0.049616
DDO_53,Data,1.204556,31.441326,0.18264,0.248081,0.082376
DDO_53,Data,1.204556,31.441326,0.282262,0.299924,0.093826
DDO_53,Data,1.204556,31.441326,0.373582,0.39693,0.101777
DDO_53,Data,1.204556,31.441326,0.464902,0.507294,0.089055
DDO_53,Data,1.204556,31.441326,0.556222,0.549595,0.07188
DDO_53,Data,1.204556,31.441326,0.647542,0.659959,0.071244
DDO_53,Data,1.204556,31.441326,0.738862,0.786226,0.102413
DDO_53,Data,1.204556,31.441326,0.838483,0.881006,0.106866
DDO_53,Data,1.204556,31.441326,0.929803,0.955748,0.117998
DDO_53,Data,1.204556,31.441326,1.021123,1.013316,0.131992
DDO_53,Data,1.204556,31.441326,1.112443,1.017769,0.111637
DDO_53,Data,1.204556,31.441326,1.203763,0.911221,0.124677
DDO_53,Data,1.204556,31.441326,1.295083,0.930304,0.162525
DDO_53,Model,1.45,33.137901,0.075862,0.098323,0.047076
DDO_53,Model,1.45,33.137901,0.151724,0.195386,0.078158
DDO_53,Model,1.45,33.137901,0.234483,0.298474,0.089022
DDO_53,Model,1.45,33.137901,0.310345,0.389358,0.096566
DDO_53,Model,1.45,33.137901,0.386207,0.476017,0.084495
DDO_53,Model,1.45,33.137901,0.462069,0.557962,0.0682
DDO_53,Model,1.45,33.137901,0.537931,0.63492,0.067596
DDO_53,Model,1.45,33.137901,0.613793,0.70681,0.09717
DDO_53,Model,1.45,33.137901,0.696552,0.779542,0.101394
DDO_53,Model,1.45,33.137901,0.772414,0.841185,0.111956
DDO_53,Model,1.45,33.137901,0.848276,0.89828,0.125234
DDO_53,Model,1.45,33.137901,0.924138,0.951113,0.105921
DDO_53,Model,1.45,33.137901,1.0,1.0,0.118294
DDO_70,Data,0.559981,23.289692,0.142862,0.28124,0.079434
DDO_70,Data,0.559981,23.289692,0.303582,0.45342,0.059683
DDO_70,Data,0.559981,23.289692,0.446443,0.588672,0.075141
DDO_70,Data,0.559981,23.289692,0.589305,0.726931,0.097039
DDO_70,Data,0.559981,23.289692,0.750025,0.798207,0.127524
DDO_70,Data,0.559981,23.289692,0.892887,0.957505,0.153716
DDO_70,Data,0.559981,23.289692,1.035749,1.014183,0.155863
DDO_70,Data,0.559981,23.289692,1.196469,1.135266,0.134824
DDO_70,Data,0.559981,23.289692,1.33933,1.113368,0.118078
DDO_70,Data,0.559981,23.289692,1.482192,1.082883,0.105626
DDO_70,Data,0.559981,23.289692,1.642912,1.073866,0.105626
DDO_70,Data,0.559981,23.289692,1.785774,1.069142,0.115931
DDO_70,Data,0.559981,23.289692,1.928636,1.040804,0.129242
DDO_70,Data,0.559981,23.289692,2.071498,1.048962,0.128383
DDO_70,Data,0.559981,23.289692,2.232218,1.051109,0.125807
DDO_70,Data,0.559981,23.289692,2.375079,1.097481,0.134394
DDO_70,Data,0.559981,23.289692,2.517941,1.179492,0.140835
DDO_70,Data,0.559981,23.289692,2.678661,1.304869,0.137829
DDO_70,Data,0.559981,23.289692,2.821523,1.446992,0.127954
DDO_70,Data,0.559981,23.289692,2.964385,1.586539,0.112925
DDO_70,Data,0.559981,23.289692,3.125104,1.721362,0.111208
DDO_70,Data,0.559981,23.289692,3.267967,1.784051,0.118078
DDO_70,Data,0.559981,23.289692,3.410828,1.816254,0.135253
DDO_70,Data,0.559981,23.289692,3.571548,1.886672,0.140835
DDO_70,Model,1.277002,31.854853,0.062647,0.129966,0.058076
DDO_70,Model,1.277002,31.854853,0.133124,0.268568,0.043635
DDO_70,Model,1.277002,31.854853,0.195771,0.380171,0.054937
DDO_70,Model,1.277002,31.854853,0.258418,0.478794,0.070947
DDO_70,Model,1.277002,31.854853,0.328895,0.57422,0.093235
DDO_70,Model,1.277002,31.854853,0.391542,0.646464,0.112385
DDO_70,Model,1.277002,31.854853,0.454189,0.708463,0.113954
DDO_70,Model,1.277002,31.854853,0.524666,0.767902,0.098572
DDO_70,Model,1.277002,31.854853,0.587313,0.813123,0.086329
DDO_70,Model,1.277002,31.854853,0.64996,0.852416,0.077225
DDO_70,Model,1.277002,31.854853,0.720438,0.890753,0.077225
DDO_70,Model,1.277002,31.854853,0.783084,0.920491,0.084759
DDO_70,Model,1.277002,31.854853,0.845731,0.94682,0.094491
DDO_70,Model,1.277002,31.854853,0.908378,0.97026,0.093863
DDO_70,Model,1.277002,31.854853,0.978855,0.99371,0.09198
DDO_70,Model,1.277002,31.854853,1.041502,1.012345,0.098258
DDO_70,Model,1.277002,31.854853,1.104149,1.029196,0.102967
DDO_70,Model,1.277002,31.854853,1.174626,1.046312,0.10077
DDO_70,Model,1.277002,31.854853,1.237273,1.060109,0.093549
DDO_70,Model,1.277002,31.854853,1.29992,1.072744,0.082562
DDO_70,Model,1.277002,31.854853,1.370397,1.085737,0.081306
DDO_70,Model,1.277002,31.854853,1.433044,1.096329,0.086329
DDO_70,Model,1.277002,31.854853,1.495691,1.106127,0.098886
DDO_70,Model,1.277002,31.854853,1.566169,1.116301,0.102967
IC_10,Data,0.274228,73.275475,0.218796,0.026612,0.173455
IC_10,Data,0.274228,73.275475,0.291729,-0.033163,0.146024
IC_10,Data,0.274228,73.275475,0.364661,0.069464,0.134424
IC_10,Data,0.274228,73.275475,0.437593,0.061276,0.132787
IC_10,Data,0.274228,73.275475,0.510525,0.183008,0.10713
IC_10,Data,0.274228,73.275475,0.583457,0.171272,0.106857
IC_10,Data,0.274228,73.275475,0.656389,0.207709,0.125554
IC_10,Data,0.274228,73.275475,0.729321,0.210712,0.125963
IC_10,Data,0.274228,73.275475,0.802253,0.207436,0.119412
IC_10,Data,0.274228,73.275475,0.875186,0.260933,0.125144
IC_10,Data,0.274228,73.275475,0.948118,0.285089,0.12337
IC_10,Data,0.274228,73.275475,1.02105,0.324529,0.108222
IC_10,Data,0.274228,73.275475,1.093982,0.348002,0.087615
IC_10,Data,0.274228,73.275475,1.166914,0.36547,0.080791
IC_10,Data,0.274228,73.275475,1.239846,0.367517,0.088433
IC_10,Data,0.274228,73.275475,1.312778,0.362331,0.083657
IC_10,Data,0.274228,73.275475,1.38571,0.330943,0.093756
IC_10,Data,0.274228,73.275475,1.458643,0.358783,0.103855
IC_10,Data,0.274228,73.275475,1.531575,0.383348,0.111088
IC_10,Data,0.274228,73.275475,1.604507,0.406684,0.113408
IC_10,Data,0.274228,73.275475,1.677439,0.432751,0.111361
IC_10,Data,0.274228,73.275475,1.750371,0.452812,0.102763
IC_10,Data,0.274228,73.275475,1.823303,0.458817,0.100443
IC_10,Data,0.274228,73.275475,1.896235,0.476558,0.087478
IC_10,Data,0.274228,73.275475,1.969168,0.482426,0.09321
IC_10,Model,0.53839,36.073753,0.111443,0.139073,0.352334
IC_10,Model,0.53839,36.073753,0.148591,0.184885,0.296615
IC_10,Model,0.53839,36.073753,0.185739,0.230242,0.273052
IC_10,Model,0.53839,36.073753,0.222887,0.275041,0.269725
IC_10,Model,0.53839,36.073753,0.260034,0.319191,0.21761
IC_10,Model,0.53839,36.073753,0.297182,0.362607,0.217055
IC_10,Model,0.53839,36.073753,0.33433,0.405214,0.255033
IC_10,Model,0.53839,36.073753,0.371478,0.446948,0.255865
IC_10,Model,0.53839,36.073753,0.408626,0.487756,0.242559
IC_10,Model,0.53839,36.073753,0.445773,0.527594,0.254201
IC_10,Model,0.53839,36.073753,0.482921,0.566426,0.250598
IC_10,Model,0.53839,36.073753,0.520069,0.604226,0.219827
IC_10,Model,0.53839,36.073753,0.557217,0.640976,0.177969
IC_10,Model,0.53839,36.073753,0.594364,0.676666,0.164108
IC_10,Model,0.53839,36.073753,0.631512,0.711298,0.179632
IC_10,Model,0.53839,36.073753,0.66866,0.744868,0.16993
IC_10,Model,0.53839,36.073753,0.705808,0.777391,0.190443
IC_10,Model,0.53839,36.073753,0.742956,0.808873,0.210957
IC_10,Model,0.53839,36.073753,0.780103,0.839339,0.225649
IC_10,Model,0.53839,36.073753,0.817251,0.868803,0.230361
IC_10,Model,0.53839,36.073753,0.854399,0.897292,0.226203
IC_10,Model,0.53839,36.073753,0.891547,0.92483,0.208739
IC_10,Model,0.53839,36.073753,0.928695,0.951442,0.204026
IC_10,Model,0.53839,36.073753,0.965842,0.977154,0.177692
IC_10,Model,0.53839,36.073753,1.00299,1.002,0.189334
IC_1613,Data,2.0,20.51,0.07,0.14627,0.040956
IC_1613,Data,2.0,20.51,0.085,0.195514,0.129693
IC_1613,Data,2.0,20.51,0.095,0.305705,0.081424
IC_1613,Data,2.0,20.51,0.105,0.260361,0.067284
IC_1613,Data,2.0,20.51,0.12,0.214042,0.093613
IC_1613,Data,2.0,20.51,0.13,0.21843,0.091175
IC_1613,Data,2.0,20.51,0.145,0.196002,0.101902
IC_1613,Data,2.0,20.51,0.155,0.180887,0.087762
IC_1613,Data,2.0,20.51,0.165,0.192101,0.095076
IC_1613,Data,2.0,20.51,0.18,0.19649,0.114578
IC_1613,Data,2.0,20.51,0.19,0.179912,0.137006
IC_1613,Data,2.0,20.51,0.2,0.20039,0.132618
IC_1613,Data,2.0,20.51,0.215,0.250609,0.132131
IC_1613,Data,2.0,20.51,0.225,0.25451,0.121892
IC_1613,Data,2.0,20.51,0.24,0.196977,0.123842
IC_1613,Data,2.0,20.51,0.25,0.218918,0.114091
IC_1613,Data,2.0,20.51,0.26,0.25256,0.113116
IC_1613,Data,2.0,20.51,0.275,0.331058,0.114091
IC_1613,Data,2.0,20.51,0.285,0.320819,0.115066
IC_1613,Data,2.0,20.51,0.295,0.293515,0.117504
IC_1613,Data,2.0,20.51,0.31,0.304729,0.101902
IC_1613,Data,2.0,20.51,0.32,0.296928,0.092638
IC_1613,Data,2.0,20.51,0.335,0.298879,0.097513
IC_1613,Data,2.0,20.51,0.345,0.32667,0.105802
IC_1613,Data,2.0,20.51,0.355,0.343247,0.102877
IC_1613,Data,2.0,20.51,0.37,0.306192,0.108727
IC_1613,Data,2.0,20.51,0.38,0.34861,0.100926
IC_1613,Data,2.0,20.51,0.39,0.366163,0.099951
IC_1613,Data,2.0,20.51,0.405,0.371039,0.10629
IC_1613,Data,2.0,20.51,0.415,0.352999,0.107752
IC_1613,Data,2.0,20.51,0.43,0.338859,0.099951
IC_1613,Data,2.0,20.51,0.44,0.38469,0.099951
IC_1613,Data,2.0,20.51,0.45,0.439298,0.100439
IC_1613,Data,2.0,20.51,0.465,0.505607,0.104827
IC_1613,Data,2.0,20.51,0.475,0.52706,0.109703
IC_1613,Data,2.0,20.51,0.485,0.557777,0.102389
IC_1613,Data,2.0,20.51,0.5,0.548025,0.094588
IC_1613,Data,2.0,20.51,0.51,0.553876,0.080449
IC_1613,Data,2.0,20.51,0.525,0.538762,0.079473
IC_1613,Data,2.0,20.51,0.535,0.514383,0.080936
IC_1613,Data,2.0,20.51,0.545,0.502682,0.086787
IC_1613,Data,2.0,20.51,0.56,0.496343,0.088737
IC_1613,Data,2.0,20.51,0.57,0.512921,0.093613
IC_1613,Data,2.0,20.51,0.58,0.553876,0.097026
IC_1613,Data,2.0,20.51,0.595,0.555339,0.095076
IC_1613,Data,2.0,20.51,0.605,0.549976,0.100926
IC_1613,Data,2.0,20.51,0.62,0.522672,0.094588
IC_1613,Data,2.0,20.51,0.63,0.542662,0.097026
IC_1613,Data,2.0,20.51,0.64,0.532423,0.102877
IC_1613,Data,2.0,20.51,0.655,0.545587,0.103852
IC_1613,Data,2.0,20.51,0.665,0.56119,0.100439
IC_1613,Data,2.0,20.51,0.675,0.557777,0.101902
IC_1613,Data,2.0,20.51,0.69,0.584593,0.104339
IC_1613,Data,2.0,20.51,0.7,0.573379,0.097513
IC_1613,Data,2.0,20.51,0.715,0.591419,0.098489
IC_1613,Data,2.0,20.51,0.725,0.610434,0.097026
IC_1613,Data,2.0,20.51,0.735,0.636275,0.095076
IC_1613,Data,2.0,20.51,0.75,0.658216,0.092638
IC_1613,Data,2.0,20.51,0.76,0.687957,0.091175
IC_1613,Data,2.0,20.51,0.77,0.717211,0.093613
IC_1613,Data,2.0,20.51,0.785,0.724037,0.101414
IC_1613,Data,2.0,20.51,0.795,0.738177,0.099464
IC_1613,Data,2.0,20.51,0.81,0.759142,0.092638
IC_1613,Data,2.0,20.51,0.82,0.784495,0.09215
IC_1613,Data,2.0,20.51,0.83,0.804973,0.094588
IC_1613,Data,2.0,20.51,0.845,0.827401,0.093613
IC_1613,Data,2.0,20.51,0.855,0.850805,0.097513
IC_1613,Data,2.0,20.51,0.865,0.865431,0.101414
IC_1613,Data,2.0,20.51,0.88,0.877621,0.109215
IC_1613,Data,2.0,20.51,0.89,0.914676,0.104827
IC_1613,Data,2.0,20.51,0.905,0.937104,0.104827
IC_1613,Data,2.0,20.51,0.915,0.920039,0.104827
IC_1613,Data,2.0,20.51,0.925,0.941492,0.101902
IC_1613,Data,2.0,20.51,0.94,0.944905,0.103852
IC_1613,Data,2.0,20.51,0.95,0.934178,0.103364
IC_1613,Data,2.0,20.51,0.96,0.950268,0.100439
IC_1613,Data,2.0,20.51,0.975,0.942955,0.104827
IC_1613,Data,2.0,20.51,0.985,0.98001,0.105802
IC_1613,Data,2.0,20.51,1.0,1.0,0.108727
IC_1613,Data,2.0,20.51,1.01,0.996099,0.099951
IC_1613,Data,2.0,20.51,1.02,0.98391,0.106777
IC_1613,Data,2.0,20.51,1.035,1.003413,0.11214
IC_1613,Data,2.0,20.51,1.045,1.014627,0.11214
IC_1613,Data,2.0,20.51,1.055,1.005851,0.116529
IC_1613,Data,2.0,20.51,1.07,1.005851,0.113116
IC_1613,Data,2.0,20.51,1.08,1.024378,0.111165
IC_1613,Data,2.0,20.51,1.095,1.023891,0.116041
IC_1613,Data,2.0,20.51,1.105,1.011214,0.110678
IC_1613,Data,2.0,20.51,1.115,1.002925,0.112628
IC_1613,Data,2.0,20.51,1.13,1.030229,0.121404
IC_1613,Data,2.0,20.51,1.14,1.009751,0.117016
IC_1613,Data,2.0,20.51,1.15,1.013164,0.116041
IC_1613,Data,2.0,20.51,1.165,1.004388,0.109703
IC_1613,Data,2.0,20.51,1.175,0.96197,0.115066
IC_1613,Data,2.0,20.51,1.19,0.964408,0.124817
IC_1613,Data,2.0,20.51,1.2,0.96197,0.118479
IC_1613,Data,2.0,20.51,1.21,0.943442,0.122379
IC_1613,Data,2.0,20.51,1.225,0.946855,0.10824
IC_1613,Data,2.0,20.51,1.235,0.947343,0.113603
IC_1613,Data,2.0,20.51,1.245,0.950268,0.106777
IC_1613,Data,2.0,20.51,1.26,0.926377,0.111653
IC_1613,Data,2.0,20.51,1.27,0.894198,0.11214
IC_1613,Data,2.0,20.51,1.285,0.878596,0.118966
IC_1613,Data,2.0,20.51,1.295,0.903462,0.10824
IC_1613,Data,2.0,20.51,1.305,0.874208,0.109703
IC_1613,Data,2.0,20.51,1.32,0.890785,0.11019
IC_1613,Data,2.0,20.51,1.33,0.795222,0.109215
IC_1613,Data,2.0,20.51,1.34,0.817162,0.101414
IC_1613,Data,2.0,20.51,1.355,0.826426,0.098976
IC_1613,Model,2.71,21.1257,0.051661,0.074817,0.039762
IC_1613,Model,2.71,21.1257,0.062731,0.090777,0.125913
IC_1613,Model,2.71,21.1257,0.070111,0.101395,0.079051
IC_1613,Model,2.71,21.1257,0.077491,0.111992,0.065323
IC_1613,Model,2.71,21.1257,0.088561,0.127843,0.090885
IC_1613,Model,2.71,21.1257,0.095941,0.13838,0.088518
IC_1613,Model,2.71,21.1257,0.107011,0.154132,0.098932
IC_1613,Model,2.71,21.1257,0.114391,0.164596,0.085204
IC_1613,Model,2.71,21.1257,0.121771,0.175027,0.092305
IC_1613,Model,2.71,21.1257,0.132841,0.190608,0.111239
IC_1613,Model,2.71,21.1257,0.140221,0.20095,0.133013
IC_1613,Model,2.71,21.1257,0.147601,0.211253,0.128753
IC_1613,Model,2.71,21.1257,0.158672,0.226631,0.12828
IC_1613,Model,2.71,21.1257,0.166052,0.236829,0.118339
IC_1613,Model,2.71,21.1257,0.177122,0.252042,0.120233
IC_1613,Model,2.71,21.1257,0.184502,0.262126,0.110766
IC_1613,Model,2.71,21.1257,0.191882,0.272161,0.109819
IC_1613,Model,2.71,21.1257,0.202952,0.28712,0.110766
IC_1613,Model,2.71,21.1257,0.210332,0.297028,0.111712
IC_1613,Model,2.71,21.1257,0.217712,0.306883,0.114079
IC_1613,Model,2.71,21.1257,0.228782,0.321563,0.098932
IC_1613,Model,2.71,21.1257,0.236162,0.331279,0.089938
IC_1613,Model,2.71,21.1257,0.247232,0.345746,0.094671
IC_1613,Model,2.71,21.1257,0.254613,0.355317,0.102718
IC_1613,Model,2.71,21.1257,0.261993,0.364829,0.099878
IC_1613,Model,2.71,21.1257,0.273063,0.378981,0.105559
IC_1613,Model,2.71,21.1257,0.280443,0.388339,0.097985
IC_1613,Model,2.71,21.1257,0.287823,0.397634,0.097038
IC_1613,Model,2.71,21.1257,0.298893,0.411456,0.103192
IC_1613,Model,2.71,21.1257,0.306273,0.420591,0.104612
IC_1613,Model,2.71,21.1257,0.317343,0.43417,0.097038
IC_1613,Model,2.71,21.1257,0.324723,0.44314,0.097038
IC_1613,Model,2.71,21.1257,0.332103,0.452044,0.097512
IC_1613,Model,2.71,21.1257,0.343173,0.465273,0.101772
IC_1613,Model,2.71,21.1257,0.350553,0.47401,0.106505
IC_1613,Model,2.71,21.1257,0.357934,0.482678,0.099405
IC_1613,Model,2.71,21.1257,0.369004,0.495548,0.091831
IC_1613,Model,2.71,21.1257,0.376384,0.504045,0.078104
IC_1613,Model,2.71,21.1257,0.387454,0.51666,0.077157
IC_1613,Model,2.71,21.1257,0.394834,0.524981,0.078577
IC_1613,Model,2.71,21.1257,0.402214,0.533237,0.084258
IC_1613,Model,2.71,21.1257,0.413284,0.545487,0.086151
IC_1613,Model,2.71,21.1257,0.420664,0.553567,0.090885
IC_1613,Model,2.71,21.1257,0.428044,0.561577,0.094198
IC_1613,Model,2.71,21.1257,0.439114,0.573467,0.092305
IC_1613,Model,2.71,21.1257,0.446494,0.581306,0.097985
IC_1613,Model,2.71,21.1257,0.457565,0.592932,0.091831
IC_1613,Model,2.71,21.1257,0.464945,0.600595,0.094198
IC_1613,Model,2.71,21.1257,0.472325,0.608193,0.099878
IC_1613,Model,2.71,21.1257,0.483395,0.619464,0.100825
IC_1613,Model,2.71,21.1257,0.490775,0.62689,0.097512
IC_1613,Model,2.71,21.1257,0.498155,0.634246,0.098932
IC_1613,Model,2.71,21.1257,0.509225,0.645157,0.101298
IC_1613,Model,2.71,21.1257,0.516605,0.652348,0.094671
IC_1613,Model,2.71,21.1257,0.527675,0.663008,0.095618
IC_1613,Model,2.71,21.1257,0.535055,0.670032,0.094198
IC_1613,Model,2.71,21.1257,0.542435,0.676991,0.092305
IC_1613,Model,2.71,21.1257,0.553506,0.687305,0.089938
IC_1613,Model,2.71,21.1257,0.560886,0.694102,0.088518
IC_1613,Model,2.71,21.1257,0.568266,0.700834,0.090885
IC_1613,Model,2.71,21.1257,0.579336,0.710807,0.098458
IC_1613,Model,2.71,21.1257,0.586716,0.717382,0.096565
IC_1613,Model,2.71,21.1257,0.597786,0.727119,0.089938
IC_1613,Model,2.71,21.1257,0.605166,0.733538,0.089464
IC_1613,Model,2.71,21.1257,0.612546,0.73989,0.091831
IC_1613,Model,2.71,21.1257,0.623616,0.749305,0.090885
IC_1613,Model,2.71,21.1257,0.630996,0.755506,0.094671
IC_1613,Model,2.71,21.1257,0.638376,0.761651,0.098458
IC_1613,Model,2.71,21.1257,0.649446,0.770748,0.106032
IC_1613,Model,2.71,21.1257,0.656827,0.776746,0.101772
IC_1613,Model,2.71,21.1257,0.667897,0.785626,0.101772
IC_1613,Model,2.71,21.1257,0.675277,0.791477,0.101772
IC_1613,Model,2.71,21.1257,0.682657,0.797271,0.098932
IC_1613,Model,2.71,21.1257,0.693727,0.805853,0.100825
IC_1613,Model,2.71,21.1257,0.701107,0.811504,0.100352
IC_1613,Model,2.71,21.1257,0.708487,0.817104,0.097512
IC_1613,Model,2.71,21.1257,0.719557,0.825397,0.101772
IC_1613,Model,2.71,21.1257,0.726937,0.83086,0.102718
IC_1613,Model,2.71,21.1257,0.738007,0.838954,0.105559
IC_1613,Model,2.71,21.1257,0.745387,0.844284,0.097038
IC_1613,Model,2.71,21.1257,0.752768,0.849567,0.103665
IC_1613,Model,2.71,21.1257,0.763838,0.857387,0.108872
IC_1613,Model,2.71,21.1257,0.771218,0.862542,0.108872
IC_1613,Model,2.71,21.1257,0.778598,0.867645,0.113132
IC_1613,Model,2.71,21.1257,0.789668,0.875204,0.109819
IC_1613,Model,2.71,21.1257,0.797048,0.880184,0.107925
IC_1613,Model,2.71,21.1257,0.808118,0.887564,0.112659
IC_1613,Model,2.71,21.1257,0.815498,0.892425,0.107452
IC_1613,Model,2.71,21.1257,0.822878,0.897239,0.109345
IC_1613,Model,2.71,21.1257,0.833948,0.904372,0.117866
IC_1613,Model,2.71,21.1257,0.841328,0.909073,0.113606
IC_1613,Model,2.71,21.1257,0.848708,0.913726,0.112659
IC_1613,Model,2.71,21.1257,0.859779,0.920623,0.106505
IC_1613,Model,2.71,21.1257,0.867159,0.925167,0.111712
IC_1613,Model,2.71,21.1257,0.878229,0.931898,0.121179
IC_1613,Model,2.71,21.1257,0.885609,0.936338,0.115026
IC_1613,Model,2.71,21.1257,0.892989,0.940731,0.118813
IC_1613,Model,2.71,21.1257,0.904059,0.947244,0.105085
IC_1613,Model,2.71,21.1257,0.911439,0.951533,0.110292
IC_1613,Model,2.71,21.1257,0.918819,0.955784,0.103665
IC_1613,Model,2.71,21.1257,0.929889,0.962089,0.108399
IC_1613,Model,2.71,21.1257,0.937269,0.96624,0.108872
IC_1613,Model,2.71,21.1257,0.948339,0.972394,0.115499
IC_1613,Model,2.71,21.1257,0.95572,0.976446,0.105085
IC_1613,Model,2.71,21.1257,0.9631,0.980465,0.106505
IC_1613,Model,2.71,21.1257,0.97417,0.986419,0.106979
IC_1613,Model,2.71,21.1257,0.98155,0.990348,0.106032
IC_1613,Model,2.71,21.1257,0.98893,0.994235,0.098458
IC_1613,Model,2.71,21.1257,1.0,1.0,0.096091
UGC_8508,Data,1.86,46.080002,0.037634,0.073568,0.069878
UGC_8508,Data,1.86,46.080002,0.080645,0.107856,0.086806
UGC_8508,Data,1.86,46.080002,0.11828,0.14605,0.064236
UGC_8508,Data,1.86,46.080002,0.16129,0.211372,0.066189
UGC_8508,Data,1.86,46.080002,0.198925,0.25,0.075087
UGC_8508,Data,1.86,46.080002,0.241935,0.31467,0.0727
UGC_8508,Data,1.86,46.080002,0.27957,0.381293,0.062934
UGC_8508,Data,1.86,46.080002,0.317204,0.425564,0.066623
UGC_8508,Data,1.86,46.080002,0.360215,0.46072,0.065972
UGC_8508,Data,1.86,46.080002,0.397849,0.503906,0.05816
UGC_8508,Data,1.86,46.080002,0.44086,0.514757,0.056207
UGC_8508,Data,1.86,46.080002,0.478495,0.564019,0.061849
UGC_8508,Data,1.86,46.080002,0.521505,0.58355,0.058811
UGC_8508,Data,1.86,46.080002,0.55914,0.624132,0.057726
UGC_8508,Data,1.86,46.080002,0.602151,0.645182,0.05599
UGC_8508,Data,1.86,46.080002,0.639785,0.656033,0.053602
UGC_8508,Data,1.86,46.080002,0.677419,0.679253,0.05816
UGC_8508,Data,1.86,46.080002,0.72043,0.701172,0.06033
UGC_8508,Data,1.86,46.080002,0.758065,0.776693,0.057075
UGC_8508,Data,1.86,46.080002,0.801075,0.793403,0.060981
UGC_8508,Data,1.86,46.080002,0.83871,0.834852,0.056641
UGC_8508,Data,1.86,46.080002,0.88172,0.870226,0.049696
UGC_8508,Data,1.86,46.080002,0.919355,0.903212,0.058594
UGC_8508,Data,1.86,46.080002,0.956989,0.940538,0.060764
UGC_8508,Data,1.86,46.080002,1.0,1.0,0.049696
UGC_8508,Model,1.86,43.538399,0.037634,0.049695,0.073958
UGC_8508,Model,1.86,43.538399,0.080645,0.106267,0.091873
UGC_8508,Model,1.86,43.538399,0.11828,0.155384,0.067986
UGC_8508,Model,1.86,43.538399,0.16129,0.210861,0.070053
UGC_8508,Model,1.86,43.538399,0.198925,0.258664,0.07947
UGC_8508,Model,1.86,43.538399,0.241935,0.312267,0.076944
UGC_8508,Model,1.86,43.538399,0.27957,0.358139,0.066608
UGC_8508,Model,1.86,43.538399,0.317204,0.402943,0.070512
UGC_8508,Model,1.86,43.538399,0.360215,0.452736,0.069823
UGC_8508,Model,1.86,43.538399,0.397849,0.494998,0.061555
UGC_8508,Model,1.86,43.538399,0.44086,0.541736,0.059488
UGC_8508,Model,1.86,43.538399,0.478495,0.581234,0.065459
UGC_8508,Model,1.86,43.538399,0.521505,0.624754,0.062244
UGC_8508,Model,1.86,43.538399,0.55914,0.661412,0.061095
UGC_8508,Model,1.86,43.538399,0.602151,0.701691,0.059258
UGC_8508,Model,1.86,43.538399,0.639785,0.735539,0.056732
UGC_8508,Model,1.86,43.538399,0.677419,0.76811,0.061555
UGC_8508,Model,1.86,43.538399,0.72043,0.803808,0.063852
UGC_8508,Model,1.86,43.538399,0.758065,0.833747,0.060406
UGC_8508,Model,1.86,43.538399,0.801075,0.866529,0.064541
UGC_8508,Model,1.86,43.538399,0.83871,0.894006,0.059947
UGC_8508,Model,1.86,43.538399,0.88172,0.924081,0.052597
UGC_8508,Model,1.86,43.538399,0.919355,0.949286,0.062014
UGC_8508,Model,1.86,43.538399,0.956989,0.973495,0.064311
UGC_8508,Model,1.86,43.538399,1.0,1.0,0.052597
WLM,Data,1.669855,32.606522,0.005989,0.015028,0.125128
WLM,Data,1.669855,32.606522,0.023954,0.033429,0.105807
WLM,Data,1.669855,32.606522,0.035931,0.062871,0.133102
WLM,Data,1.669855,32.606522,0.047908,0.067778,0.131875
WLM,Data,1.669855,32.606522,0.065874,0.1009,0.106114
WLM,Data,1.669855,32.606522,0.077851,0.14261,0.078512
WLM,Data,1.669855,32.606522,0.095817,0.142303,0.088019
WLM,Data,1.669855,32.606522,0.107794,0.145983,0.095686
WLM,Data,1.669855,32.606522,0.125759,0.15089,0.111941
WLM,Data,1.669855,32.606522,0.137737,0.202107,0.096913
WLM,Data,1.669855,32.606522,0.149714,0.237683,0.087713
WLM,Data,1.669855,32.606522,0.167679,0.272952,0.089553
WLM,Data,1.669855,32.606522,0.179656,0.328462,0.076365
WLM,Data,1.669855,32.606522,0.197622,0.327542,0.075752
WLM,Data,1.669855,32.606522,0.209599,0.363118,0.069311
WLM,Data,1.669855,32.606522,0.227565,0.379372,0.065938
WLM,Data,1.669855,32.606522,0.239542,0.404827,0.061337
WLM,Data,1.669855,32.606522,0.251519,0.431202,0.055817
WLM,Data,1.669855,32.606522,0.269484,0.456044,0.061951
WLM,Data,1.669855,32.606522,0.281462,0.475365,0.056737
WLM,Data,1.669855,32.606522,0.299427,0.480272,0.064098
WLM,Data,1.669855,32.606522,0.311404,0.483339,0.063791
WLM,Data,1.669855,32.606522,0.32937,0.518608,0.069618
WLM,Data,1.669855,32.606522,0.341347,0.521675,0.073912
WLM,Data,1.669855,32.606522,0.353324,0.531489,0.073605
WLM,Data,1.669855,32.606522,0.37129,0.552957,0.070538
WLM,Data,1.669855,32.606522,0.383267,0.571971,0.070231
WLM,Data,1.669855,32.606522,0.401232,0.59712,0.065938
WLM,Data,1.669855,32.606522,0.41321,0.614601,0.064711
WLM,Data,1.669855,32.606522,0.431175,0.615521,0.065938
WLM,Data,1.669855,32.606522,0.443152,0.64435,0.069005
WLM,Data,1.669855,32.606522,0.455129,0.667044,0.081272
WLM,Data,1.669855,32.606522,0.473095,0.686059,0.095993
WLM,Data,1.669855,32.606522,0.485072,0.690046,0.095686
WLM,Data,1.669855,32.606522,0.503038,0.661524,0.094766
WLM,Data,1.669855,32.606522,0.515015,0.700167,0.118075
WLM,Data,1.669855,32.606522,0.526992,0.704767,0.120835
WLM,Data,1.669855,32.606522,0.544958,0.704154,0.127889
WLM,Data,1.669855,32.606522,0.556935,0.723168,0.126048
WLM,Data,1.669855,32.606522,0.5749,0.740649,0.115928
WLM,Data,1.669855,32.606522,0.586877,0.757824,0.113474
WLM,Data,1.669855,32.606522,0.604843,0.772852,0.114394
WLM,Data,1.669855,32.606522,0.61682,0.805054,0.118688
WLM,Data,1.669855,32.606522,0.628797,0.815481,0.118075
WLM,Data,1.669855,32.606522,0.646763,0.825908,0.114701
WLM,Data,1.669855,32.606522,0.65874,0.825295,0.104274
WLM,Data,1.669855,32.606522,0.676705,0.843083,0.103047
WLM,Data,1.669855,32.606522,0.688683,0.849217,0.094766
WLM,Data,1.669855,32.606522,0.706648,0.875898,0.09722
WLM,Data,1.669855,32.606522,0.718625,0.891846,0.108261
WLM,Data,1.669855,32.606522,0.730602,0.886019,0.117154
WLM,Data,1.669855,32.606522,0.748568,0.878045,0.1055
WLM,Data,1.669855,32.606522,0.760545,0.866698,0.100593
WLM,Data,1.669855,32.606522,0.778511,0.859951,0.098447
WLM,Data,1.669855,32.606522,0.790488,0.865778,0.099673
WLM,Data,1.669855,32.606522,0.808453,0.884792,0.1055
WLM,Data,1.669855,32.606522,0.820431,0.886019,0.109181
WLM,Data,1.669855,32.606522,0.832408,0.903194,0.098447
WLM,Data,1.669855,32.606522,0.850373,0.90534,0.097527
WLM,Data,1.669855,32.606522,0.86235,0.902273,0.1009
WLM,Data,1.669855,32.606522,0.880316,0.909634,0.100593
WLM,Data,1.669855,32.606522,0.892293,0.899207,0.108567
WLM,Data,1.669855,32.606522,0.910259,0.926195,0.09906
WLM,Data,1.669855,32.606522,0.922236,0.940916,0.098447
WLM,Data,1.669855,32.606522,0.934213,0.950423,0.1009
WLM,Data,1.669855,32.606522,0.952178,0.953797,0.110407
WLM,Data,1.669855,32.606522,0.964156,0.964531,0.10642
WLM,Data,1.669855,32.606522,0.982121,0.981705,0.10274
WLM,Data,1.669855,32.606522,0.994098,0.992746,0.10642
WLM,Data,1.669855,32.606522,1.006075,1.007467,0.102127
WLM,Data,1.669855,32.606522,1.024041,1.00532,0.111327
WLM,Data,1.669855,32.606522,1.036018,1.011761,0.112861
WLM,Data,1.669855,32.606522,1.053984,1.023722,0.10458
WLM,Data,1.669855,32.606522,1.065961,1.032922,0.103047
WLM,Data,1.669855,32.606522,1.083926,1.044883,0.10182
WLM,Data,1.669855,32.606522,1.095904,1.031082,0.110714
WLM,Data,1.669855,32.606522,1.107881,1.039056,0.112861
WLM,Data,1.669855,32.606522,1.125846,1.032002,0.109794
WLM,Data,1.669855,32.606522,1.137823,1.045496,0.107034
WLM,Data,1.669855,32.606522,1.155789,1.051323,0.106114
WLM,Data,1.669855,32.606522,1.167766,1.075245,0.107034
WLM,Data,1.669855,32.606522,1.185732,1.080459,0.109487
WLM,Data,1.669855,32.606522,1.197709,1.075552,0.125128
WLM,Data,1.669855,32.606522,1.209686,1.071872,0.121141
WLM,Data,1.669855,32.606522,1.227651,1.064204,0.115621
WLM,Data,1.669855,32.606522,1.239629,1.073098,0.115008
WLM,Data,1.669855,32.606522,1.257594,1.067885,0.111941
WLM,Data,1.669855,32.606522,1.269571,1.060831,0.111327
WLM,Data,1.669855,32.606522,1.287537,1.067271,0.108261
WLM,Data,1.669855,32.606522,1.299514,1.078005,0.110714
WLM,Data,1.669855,32.606522,1.311491,1.091193,0.113474
WLM,Data,1.669855,32.606522,1.329457,1.110514,0.122061
WLM,Data,1.669855,32.606522,1.341434,1.103154,0.125128
WLM,Data,1.669855,32.606522,1.359399,1.117568,0.119608
WLM,Data,1.669855,32.606522,1.371377,1.113581,0.119301
WLM,Data,1.669855,32.606522,1.383354,1.112968,0.120835
WLM,Data,1.669855,32.606522,1.401319,1.089046,0.123595
WLM,Data,1.669855,32.606522,1.413296,1.081685,0.118075
WLM,Data,1.669855,32.606522,1.431262,1.061444,0.122982
WLM,Data,1.669855,32.606522,1.443239,1.081379,0.124515
WLM,Data,1.669855,32.606522,1.461205,1.096406,0.123288
WLM,Data,1.669855,32.606522,1.473182,1.116954,0.125742
WLM,Data,1.669855,32.606522,1.485159,1.110207,0.123595
WLM,Data,1.669855,32.606522,1.503124,1.115114,0.119915
WLM,Data,1.669855,32.606522,1.515102,1.077085,0.131262
WLM,Data,1.669855,32.606522,1.533067,1.068191,0.117154
WLM,Data,1.669855,32.606522,1.545044,1.078619,0.121141
WLM,Data,1.669855,32.606522,1.56301,1.074325,0.127889
WLM,Data,1.669855,32.606522,1.574987,1.074018,0.128502
WLM,Data,1.669855,32.606522,1.586964,1.068191,0.131569
WLM,Data,1.669855,32.606522,1.60493,1.039363,0.138623
WLM,Data,1.669855,32.606522,1.616907,1.019121,0.141996
WLM,Data,1.669855,32.606522,1.634873,1.082299,0.134942
WLM,Data,1.669855,32.606522,1.64685,1.143636,0.122061
WLM,Data,1.669855,32.606522,1.664815,1.141796,0.121755
WLM,Data,1.669855,32.606522,1.676792,1.143023,0.120835
WLM,Data,1.669855,32.606522,1.688769,1.139956,0.124208
WLM,Data,1.669855,32.606522,1.706735,1.145783,0.121448
WLM,Data,1.669855,32.606522,1.718712,1.135049,0.119915
WLM,Data,1.669855,32.606522,1.736678,1.081992,0.130342
WLM,Data,1.669855,32.606522,1.748655,1.064204,0.137703
WLM,Data,1.669855,32.606522,1.766621,1.124928,0.128502
WLM,Data,1.669855,32.606522,1.778598,1.181665,0.120221
WLM,Data,1.669855,32.606522,1.790575,1.142103,0.119301
WLM,Data,1.669855,32.606522,1.80854,1.164798,0.115621
WLM,Data,1.669855,32.606522,1.820517,1.145476,0.125435
WLM,Data,1.669855,32.606522,1.838483,1.085979,0.110714
WLM,Data,1.669855,32.606522,1.85046,0.958091,0.133102
WLM,Data,1.669855,32.606522,1.862437,0.978945,0.130342
WLM,Data,1.669855,32.606522,1.880403,1.122782,0.130649
WLM,Data,1.669855,32.606522,1.89238,0.901967,0.202107
WLM,Data,1.669855,32.606522,1.910346,0.50174,0.154877
WLM,Data,1.669855,32.606522,1.922323,0.505114,0.121755
WLM,Data,1.669855,32.606522,1.940288,0.521981,0.103354
WLM,Data,1.669855,32.606522,1.952265,0.535169,0.117154
WLM,Data,1.669855,32.606522,1.964242,0.495913,0.121755
WLM,Data,1.669855,32.606522,1.982208,0.494073,0.118381
WLM,Data,1.669855,32.606522,1.994185,0.478739,0.118381
WLM,Data,1.669855,32.606522,2.012151,0.471071,0.132182
WLM,Data,1.669855,32.606522,2.024128,0.468925,0.115008
WLM,Model,2.02809,34.056847,0.004931,0.010274,0.1198
WLM,Model,2.02809,34.056847,0.019723,0.041065,0.101301
WLM,Model,2.02809,34.056847,0.029584,0.061533,0.127434
WLM,Model,2.02809,34.056847,0.039446,0.081926,0.126259
WLM,Model,2.02809,34.056847,0.054238,0.112321,0.101595
WLM,Model,2.02809,34.056847,0.0641,0.13242,0.075168
WLM,Model,2.02809,34.056847,0.078892,0.162267,0.084271
WLM,Model,2.02809,34.056847,0.088753,0.181934,0.091612
WLM,Model,2.02809,34.056847,0.103546,0.211039,0.107174
WLM,Model,2.02809,34.056847,0.113407,0.230155,0.092786
WLM,Model,2.02809,34.056847,0.123269,0.249021,0.083977
WLM,Model,2.02809,34.056847,0.138061,0.276822,0.085739
WLM,Model,2.02809,34.056847,0.147922,0.295007,0.073113
WLM,Model,2.02809,34.056847,0.162715,0.321736,0.072526
WLM,Model,2.02809,34.056847,0.172576,0.339174,0.06636
WLM,Model,2.02809,34.056847,0.187368,0.364746,0.06313
WLM,Model,2.02809,34.056847,0.19723,0.381398,0.058725
WLM,Model,2.02809,34.056847,0.207091,0.397723,0.05344
WLM,Model,2.02809,34.056847,0.221884,0.421604,0.059313
WLM,Model,2.02809,34.056847,0.231745,0.437116,0.054321
WLM,Model,2.02809,34.056847,0.246537,0.459775,0.061368
WLM,Model,2.02809,34.056847,0.256399,0.474471,0.061074
WLM,Model,2.02809,34.056847,0.271191,0.495915,0.066653
WLM,Model,2.02809,34.056847,0.281053,0.509812,0.070764
WLM,Model,2.02809,34.056847,0.290914,0.523393,0.07047
WLM,Model,2.02809,34.056847,0.305706,0.543186,0.067534
WLM,Model,2.02809,34.056847,0.315568,0.556,0.067241
WLM,Model,2.02809,34.056847,0.33036,0.574663,0.06313
WLM,Model,2.02809,34.056847,0.340222,0.586743,0.061955
WLM,Model,2.02809,34.056847,0.355014,0.604328,0.06313
WLM,Model,2.02809,34.056847,0.364875,0.615706,0.066066
WLM,Model,2.02809,34.056847,0.374737,0.626817,0.077811
WLM,Model,2.02809,34.056847,0.389529,0.642987,0.091905
WLM,Model,2.02809,34.056847,0.399391,0.653449,0.091612
WLM,Model,2.02809,34.056847,0.414183,0.668679,0.090731
WLM,Model,2.02809,34.056847,0.424044,0.678533,0.113046
WLM,Model,2.02809,34.056847,0.433906,0.688155,0.115689
WLM,Model,2.02809,34.056847,0.448698,0.702164,0.122442
WLM,Model,2.02809,34.056847,0.458559,0.711228,0.120681
WLM,Model,2.02809,34.056847,0.473352,0.724433,0.110991
WLM,Model,2.02809,34.056847,0.483213,0.73298,0.108642
WLM,Model,2.02809,34.056847,0.498005,0.745433,0.109523
WLM,Model,2.02809,34.056847,0.507867,0.753496,0.113634
WLM,Model,2.02809,34.056847,0.517728,0.761377,0.113046
WLM,Model,2.02809,34.056847,0.532521,0.772861,0.109816
WLM,Model,2.02809,34.056847,0.542382,0.780301,0.099833
WLM,Model,2.02809,34.056847,0.557174,0.791151,0.098659
WLM,Model,2.02809,34.056847,0.567036,0.798183,0.090731
WLM,Model,2.02809,34.056847,0.581828,0.808442,0.09308
WLM,Model,2.02809,34.056847,0.59169,0.815096,0.10365
WLM,Model,2.02809,34.056847,0.601551,0.821603,0.112165
WLM,Model,2.02809,34.056847,0.616343,0.831102,0.101008
WLM,Model,2.02809,34.056847,0.626205,0.837268,0.09631
WLM,Model,2.02809,34.056847,0.640997,0.846267,0.094254
WLM,Model,2.02809,34.056847,0.650859,0.852111,0.095429
WLM,Model,2.02809,34.056847,0.665651,0.860649,0.101008
WLM,Model,2.02809,34.056847,0.675512,0.866193,0.104531
WLM,Model,2.02809,34.056847,0.685374,0.871625,0.094254
WLM,Model,2.02809,34.056847,0.700166,0.879565,0.093373
WLM,Model,2.02809,34.056847,0.710028,0.884727,0.096603
WLM,Model,2.02809,34.056847,0.72482,0.892276,0.09631
WLM,Model,2.02809,34.056847,0.734681,0.897182,0.103944
WLM,Model,2.02809,34.056847,0.749474,0.904364,0.094841
WLM,Model,2.02809,34.056847,0.759335,0.909036,0.094254
WLM,Model,2.02809,34.056847,0.769197,0.913617,0.096603
WLM,Model,2.02809,34.056847,0.783989,0.920326,0.105706
WLM,Model,2.02809,34.056847,0.79385,0.924692,0.101888
WLM,Model,2.02809,34.056847,0.808643,0.93109,0.098365
WLM,Model,2.02809,34.056847,0.818504,0.935257,0.101888
WLM,Model,2.02809,34.056847,0.828366,0.939344,0.097778
WLM,Model,2.02809,34.056847,0.843158,0.945337,0.106587
WLM,Model,2.02809,34.056847,0.853019,0.949242,0.108055
WLM,Model,2.02809,34.056847,0.867812,0.954971,0.100127
WLM,Model,2.02809,34.056847,0.877673,0.958703,0.098659
WLM,Model,2.02809,34.056847,0.892465,0.964179,0.097484
WLM,Model,2.02809,34.056847,0.902327,0.967753,0.105999
WLM,Model,2.02809,34.056847,0.912188,0.971261,0.108055
WLM,Model,2.02809,34.056847,0.92698,0.976412,0.105118
WLM,Model,2.02809,34.056847,0.936842,0.979774,0.102476
WLM,Model,2.02809,34.056847,0.951634,0.984709,0.101595
WLM,Model,2.02809,34.056847,0.961496,0.987931,0.102476
WLM,Model,2.02809,34.056847,0.976288,0.992664,0.104825
WLM,Model,2.02809,34.056847,0.986149,0.995756,0.1198
WLM,Model,2.02809,34.056847,0.996011,0.998795,0.115983
WLM,Model,2.02809,34.056847,1.010803,1.003264,0.110697
WLM,Model,2.02809,34.056847,1.020665,1.006182,0.11011
WLM,Model,2.02809,34.056847,1.035457,1.010475,0.107174
WLM,Model,2.02809,34.056847,1.045318,1.013279,0.106587
WLM,Model,2.02809,34.056847,1.060111,1.017405,0.10365
WLM,Model,2.02809,34.056847,1.069972,1.020103,0.105999
WLM,Model,2.02809,34.056847,1.079834,1.022758,0.108642
WLM,Model,2.02809,34.056847,1.094626,1.026666,0.116863
WLM,Model,2.02809,34.056847,1.104487,1.029223,0.1198
WLM,Model,2.02809,34.056847,1.11928,1.032985,0.114514
WLM,Model,2.02809,34.056847,1.129141,1.035448,0.114221
WLM,Model,2.02809,34.056847,1.139003,1.037871,0.115689
WLM,Model,2.02809,34.056847,1.153795,1.041444,0.118332
WLM,Model,2.02809,34.056847,1.163656,1.043781,0.113046
WLM,Model,2.02809,34.056847,1.178449,1.047225,0.117744
WLM,Model,2.02809,34.056847,1.18831,1.049481,0.119212
WLM,Model,2.02809,34.056847,1.203102,1.052801,0.118038
WLM,Model,2.02809,34.056847,1.212964,1.054977,0.120387
WLM,Model,2.02809,34.056847,1.222825,1.057124,0.118332
WLM,Model,2.02809,34.056847,1.237617,1.060286,0.114808
WLM,Model,2.02809,34.056847,1.247479,1.062359,0.125672
WLM,Model,2.02809,34.056847,1.262271,1.065413,0.112165
WLM,Model,2.02809,34.056847,1.272133,1.067415,0.115983
WLM,Model,2.02809,34.056847,1.286925,1.070369,0.122442
WLM,Model,2.02809,34.056847,1.296787,1.072304,0.12303
WLM,Model,2.02809,34.056847,1.306648,1.074216,0.125966
WLM,Model,2.02809,34.056847,1.32144,1.077035,0.132719
WLM,Model,2.02809,34.056847,1.331302,1.078882,0.135949
WLM,Model,2.02809,34.056847,1.346094,1.081609,0.129196
WLM,Model,2.02809,34.056847,1.355955,1.0834,0.116863
WLM,Model,2.02809,34.056847,1.370748,1.08604,0.11657
WLM,Model,2.02809,34.056847,1.380609,1.087775,0.115689
WLM,Model,2.02809,34.056847,1.390471,1.089484,0.118919
WLM,Model,2.02809,34.056847,1.405263,1.092012,0.116276
WLM,Model,2.02809,34.056847,1.415124,1.093671,0.114808
WLM,Model,2.02809,34.056847,1.429917,1.09612,0.124791
WLM,Model,2.02809,34.056847,1.439778,1.097726,0.131838
WLM,Model,2.02809,34.056847,1.45457,1.100102,0.12303
WLM,Model,2.02809,34.056847,1.464432,1.101664,0.115102
WLM,Model,2.02809,34.056847,1.474293,1.103203,0.114221
WLM,Model,2.02809,34.056847,1.489086,1.105481,0.110697
WLM,Model,2.02809,34.056847,1.498947,1.106976,0.120093
DDO_50,Data,0.584312,15.191332,0.20537,0.000658,0.0
DDO_50,Data,0.584312,15.191332,0.393625,0.371923,0.324527
DDO_50,Data,0.584312,15.191332,0.598995,0.705666,0.358757
DDO_50,Data,0.584312,15.191332,0.787251,0.687234,0.348883
DDO_50,Data,0.584312,15.191332,0.992621,0.993988,0.308729
DDO_50,Data,0.584312,15.191332,1.180876,1.147365,0.259358
DDO_50,Data,0.584312,15.191332,1.386246,1.223066,0.225787
DDO_50,Data,0.584312,15.191332,1.574502,1.218458,0.219204
DDO_50,Data,0.584312,15.191332,1.779872,1.418572,0.254092
DDO_50,Data,0.584312,15.191332,1.968127,1.494931,0.241585
DDO_50,Data,0.584312,15.191332,2.173497,1.550884,0.275815
DDO_50,Data,0.584312,15.191332,2.361753,1.708211,0.267258
DDO_50,Data,0.584312,15.191332,2.567123,1.953087,0.219204
DDO_50,Data,0.584312,15.191332,2.772492,2.039321,0.22842
DDO_50,Data,0.584312,15.191332,2.960748,2.072234,0.249484
DDO_50,Data,0.584312,15.191332,3.166118,2.042612,0.222495
DDO_50,Data,0.584312,15.191332,3.354374,2.029447,0.229736
DDO_50,Data,0.584312,15.191332,3.559743,2.112389,0.226445
DDO_50,Data,0.584312,15.191332,3.747999,2.095932,0.265941
DDO_50,Data,0.584312,15.191332,3.953369,2.079475,0.256067
DDO_50,Data,0.584312,15.191332,4.141624,2.031422,0.263308
DDO_50,Data,0.584312,15.191332,4.346994,1.964936,0.271866
DDO_50,Data,0.584312,15.191332,4.53525,1.936631,0.282398
DDO_50,Data,0.584312,15.191332,4.74062,2.039979,0.267916
DDO_50,Data,0.584312,15.191332,4.928875,2.064993,0.265941
DDO_50,Data,0.584312,15.191332,5.134245,2.086058,0.2587
DDO_50,Data,0.584312,15.191332,5.339615,2.034055,0.253434
DDO_50,Data,0.584312,15.191332,5.527871,2.054461,0.246193
DDO_50,Data,0.584312,15.191332,5.733241,2.061044,0.23961
DDO_50,Data,0.584312,15.191332,5.921496,1.960328,0.236319
DDO_50,Data,0.584312,15.191332,6.126866,1.889235,0.226445
DDO_50,Data,0.584312,15.191332,6.315122,1.90635,0.246851
DDO_50,Data,0.584312,15.191332,6.520492,1.994558,0.242902
DDO_50,Data,0.584312,15.191332,6.708747,2.086058,0.256725
DDO_50,Data,0.584312,15.191332,6.914117,2.155835,0.263308
DDO_50,Data,0.584312,15.191332,7.102373,2.202572,0.256067
DDO_50,Data,0.584312,15.191332,7.307743,2.300654,0.256067
DDO_50,Data,0.584312,15.191332,7.495998,2.279589,0.260675
DDO_50,Data,0.584312,15.191332,7.701368,2.32106,0.256067
DDO_50,Data,0.584312,15.191332,7.906737,2.328301,0.240269
DDO_50,Data,0.584312,15.191332,8.094994,2.382938,0.252117
DDO_50,Data,0.584312,15.191332,8.300363,2.409269,0.257384
DDO_50,Data,0.584312,15.191332,8.488619,2.404002,0.261333
DDO_50,Data,0.584312,15.191332,8.693989,2.398736,0.263966
DDO_50,Data,0.584312,15.191332,8.882244,2.388204,0.240927
DDO_50,Data,0.584312,15.191332,9.087614,2.382938,0.256067
DDO_50,Data,0.584312,15.191332,9.27587,2.396761,0.244218
DDO_50,Data,0.584312,15.191332,9.481239,2.396103,0.238294
DDO_50,Data,0.584312,15.191332,9.669496,2.356607,0.244218
DDO_50,Data,0.584312,15.191332,9.874865,2.39742,0.263966
DDO_50,Data,0.584312,15.191332,10.063121,2.44679,0.260675
DDO_50,Data,0.584312,15.191332,10.268491,2.471146,0.242243
DDO_50,Data,0.584312,15.191332,10.47386,2.512617,0.245535
DDO_50,Data,0.584312,15.191332,10.662116,2.556721,0.252776
DDO_50,Data,0.584312,15.191332,10.867486,2.44679,0.269891
DDO_50,Data,0.584312,15.191332,11.055741,2.423751,0.258042
DDO_50,Data,0.584312,15.191332,11.261111,2.501426,0.257384
DDO_50,Data,0.584312,15.191332,11.449367,2.472463,0.26265
DDO_50,Data,0.584312,15.191332,11.654737,2.409269,0.275157
DDO_50,Data,0.584312,15.191332,11.842993,2.474437,0.277132
DDO_50,Data,0.584312,15.191332,12.048362,2.542898,0.263966
DDO_50,Data,0.584312,15.191332,12.236618,2.39742,0.255409
DDO_50,Data,0.584312,15.191332,12.441988,2.369114,0.248168
DDO_50,Data,0.584312,15.191332,12.630243,2.215079,0.26265
DDO_50,Data,0.584312,15.191332,12.835613,2.142011,0.252117
DDO_50,Data,0.584312,15.191332,13.040983,2.249309,0.246851
DDO_50,Data,0.584312,15.191332,13.229239,2.286172,0.254751
DDO_50,Data,0.584312,15.191332,13.434608,2.186774,0.274499
DDO_50,Data,0.584312,15.191332,13.622864,2.201255,0.269232
DDO_50,Data,0.584312,15.191332,13.828234,2.167025,0.254092
DDO_50,Data,0.584312,15.191332,14.016489,2.203888,0.253434
DDO_50,Data,0.584312,15.191332,14.22186,2.116338,0.245535
DDO_50,Data,0.584312,15.191332,14.410115,2.144644,0.251459
DDO_50,Data,0.584312,15.191332,14.615485,2.170317,0.242243
DDO_50,Data,0.584312,15.191332,14.80374,2.165051,0.260675
DDO_50,Data,0.584312,15.191332,15.009111,2.132795,0.288981
DDO_50,Data,0.584312,15.191332,15.197366,2.011673,0.241585
DDO_50,Data,0.584312,15.191332,15.402736,2.057752,0.229736
DDO_50,Data,0.584312,15.191332,15.608106,2.107781,0.223154
DDO_50,Data,0.584312,15.191332,15.79636,2.162417,0.242243
DDO_50,Data,0.584312,15.191332,16.001732,2.381621,0.2587
DDO_50,Data,0.584312,15.191332,16.189987,2.309212,0.263308
DDO_50,Data,0.584312,15.191332,16.395357,2.192039,0.261992
DDO_50,Data,0.584312,15.191332,16.583611,2.287489,0.207355
DDO_50,Data,0.584312,15.191332,16.788982,2.355949,0.217887
DDO_50,Model,1.737445,28.021318,0.069067,0.14551,0.0
DDO_50,Model,1.737445,28.021318,0.132378,0.271454,0.175937
DDO_50,Model,1.737445,28.021318,0.201445,0.39516,0.194495
DDO_50,Model,1.737445,28.021318,0.264757,0.493992,0.189142
DDO_50,Model,1.737445,28.021318,0.333824,0.586214,0.167373
DDO_50,Model,1.737445,28.021318,0.397135,0.657917,0.140607
DDO_50,Model,1.737445,28.021318,0.466202,0.724227,0.122407
DDO_50,Model,1.737445,28.021318,0.529513,0.775902,0.118838
DDO_50,Model,1.737445,28.021318,0.59858,0.824123,0.137752
DDO_50,Model,1.737445,28.021318,0.661891,0.862169,0.130972
DDO_50,Model,1.737445,28.021318,0.730958,0.898166,0.149529
DDO_50,Model,1.737445,28.021318,0.79427,0.926976,0.14489
DDO_50,Model,1.737445,28.021318,0.863337,0.954612,0.118838
DDO_50,Model,1.737445,28.021318,0.932404,0.978944,0.123834
DDO_50,Model,1.737445,28.021318,0.995715,0.998797,0.135254
DDO_50,Model,1.737445,28.021318,1.064782,1.018193,0.120622
DDO_50,Model,1.737445,28.021318,1.128093,1.034195,0.124548
DDO_50,Model,1.737445,28.021318,1.19716,1.049979,0.122764
DDO_50,Model,1.737445,28.021318,1.260472,1.063123,0.144176
DDO_50,Model,1.737445,28.021318,1.329539,1.076198,0.138823
DDO_50,Model,1.737445,28.021318,1.39285,1.087172,0.142748
DDO_50,Model,1.737445,28.021318,1.461917,1.098171,0.147388
DDO_50,Model,1.737445,28.021318,1.525228,1.10746,0.153098
DDO_50,Model,1.737445,28.021318,1.594295,1.116832,0.145247
DDO_50,Model,1.737445,28.021318,1.657607,1.124794,0.144176
DDO_50,Model,1.737445,28.021318,1.726673,1.13287,0.14025
DDO_50,Model,1.737445,28.021318,1.79574,1.140375,0.137395
DDO_50,Model,1.737445,28.021318,1.859052,1.146798,0.13347
DDO_50,Model,1.737445,28.021318,1.928119,1.153358,0.129901
DDO_50,Model,1.737445,28.021318,1.99143,1.159,0.128117
DDO_50,Model,1.737445,28.021318,2.060497,1.164785,0.122764
DDO_50,Model,1.737445,28.021318,2.123808,1.169777,0.133827
DDO_50,Model,1.737445,28.021318,2.192875,1.174913,0.131685
DDO_50,Model,1.737445,28.021318,2.256187,1.179363,0.13918
DDO_50,Model,1.737445,28.021318,2.325253,1.183952,0.142748
DDO_50,Model,1.737445,28.021318,2.388565,1.187942,0.138823
DDO_50,Model,1.737445,28.021318,2.457632,1.192071,0.138823
DDO_50,Model,1.737445,28.021318,2.520943,1.195665,0.141321
DDO_50,Model,1.737445,28.021318,2.59001,1.199398,0.138823
DDO_50,Model,1.737445,28.021318,2.659077,1.202945,0.130258
DDO_50,Model,1.737445,28.021318,2.722389,1.206046,0.136682
DDO_50,Model,1.737445,28.021318,2.791456,1.209272,0.139537
DDO_50,Model,1.737445,28.021318,2.854767,1.212102,0.141678
DDO_50,Model,1.737445,28.021318,2.923834,1.215054,0.143105
DDO_50,Model,1.737445,28.021318,2.987145,1.217644,0.130615
DDO_50,Model,1.737445,28.021318,3.056212,1.220353,0.138823
DDO_50,Model,1.737445,28.021318,3.119524,1.222733,0.132399
DDO_50,Model,1.737445,28.021318,3.18859,1.225228,0.129187
DDO_50,Model,1.737445,28.021318,3.251902,1.227423,0.132399
DDO_50,Model,1.737445,28.021318,3.320969,1.229728,0.143105
DDO_50,Model,1.737445,28.021318,3.38428,1.231759,0.141321
DDO_50,Model,1.737445,28.021318,3.453347,1.233893,0.131329
DDO_50,Model,1.737445,28.021318,3.522414,1.235948,0.133113
DDO_50,Model,1.737445,28.021318,3.585725,1.237761,0.137039
DDO_50,Model,1.737445,28.021318,3.654792,1.239674,0.146317
DDO_50,Model,1.737445,28.021318,3.718104,1.241366,0.139893
DDO_50,Model,1.737445,28.021318,3.78717,1.243146,0.139537
DDO_50,Model,1.737445,28.021318,3.850482,1.244727,0.142392
DDO_50,Model,1.737445,28.021318,3.919549,1.24639,0.149172
DDO_50,Model,1.737445,28.021318,3.98286,1.247871,0.150243
DDO_50,Model,1.737445,28.021318,4.051927,1.249431,0.143105
DDO_50,Model,1.737445,28.021318,4.115239,1.250819,0.138466
DDO_50,Model,1.737445,28.021318,4.184305,1.252282,0.13454
DDO_50,Model,1.737445,28.021318,4.247617,1.253585,0.142392
DDO_50,Model,1.737445,28.021318,4.316684,1.254966,0.136682
DDO_50,Model,1.737445,28.021318,4.385751,1.256301,0.133827
DDO_50,Model,1.737445,28.021318,4.449062,1.257493,0.138109
DDO_50,Model,1.737445,28.021318,4.518129,1.258752,0.148815
DDO_50,Model,1.737445,28.021318,4.58144,1.259873,0.14596
DDO_50,Model,1.737445,28.021318,4.650507,1.261065,0.137752
DDO_50,Model,1.737445,28.021318,4.713819,1.262128,0.137395
DDO_50,Model,1.737445,28.021318,4.782886,1.263252,0.133113
DDO_50,Model,1.737445,28.021318,4.846197,1.264259,0.136325
DDO_50,Model,1.737445,28.021318,4.915264,1.265326,0.131329
DDO_50,Model,1.737445,28.021318,4.978575,1.266282,0.141321
DDO_50,Model,1.737445,28.021318,5.047642,1.267296,0.156666
DDO_50,Model,1.737445,28.021318,5.110954,1.268199,0.130972
DDO_50,Model,1.737445,28.021318,5.18002,1.269162,0.124548
DDO_50,Model,1.737445,28.021318,5.249087,1.270101,0.120979
DDO_50,Model,1.737445,28.021318,5.312398,1.270939,0.131329
DDO_50,Model,1.737445,28.021318,5.381466,1.271832,0.14025
DDO_50,Model,1.737445,28.021318,5.444777,1.272631,0.142748
DDO_50,Model,1.737445,28.021318,5.513844,1.273484,0.142035
DDO_50,Model,1.737445,28.021318,5.577155,1.274248,0.112414
DDO_50,Model,1.737445,28.021318,5.646223,1.275058,0.118124
F564-V3,Data,1.70419,33.997471,0.199508,0.352085,0.110596
F564-V3,Data,1.70419,33.997471,0.393149,0.529157,0.098243
F564-V3,Data,1.70419,33.997471,0.592657,0.629164,0.060887
F564-V3,Data,1.70419,33.997471,0.792165,0.81359,0.074123
F564-V3,Data,1.70419,33.997471,0.991673,0.993309,0.087654
F564-V3,Data,1.70419,33.997471,1.185314,1.148909,0.129127
F564-V3,Data,1.70419,33.997471,1.384822,1.153615,0.132951
F564-V3,Data,1.70419,33.997471,1.58433,1.018899,0.11442
F564-V3,Data,1.70419,33.997471,1.783839,0.891243,0.116479
F564-V3,Data,1.70419,33.997471,1.977479,0.695934,0.130598
F564-V3,Data,1.70419,33.997471,2.176987,0.849181,0.136187
F564-V3,Model,1.679222,29.036623,0.202475,0.393627,0.129492
F564-V3,Model,1.679222,29.036623,0.398994,0.656674,0.115027
F564-V3,Model,1.679222,29.036623,0.601469,0.824049,0.071289
F564-V3,Model,1.679222,29.036623,0.803944,0.930387,0.086787
F564-V3,Model,1.679222,29.036623,1.006419,1.002279,0.102629
F564-V3,Model,1.679222,29.036623,1.202938,1.052333,0.151188
F564-V3,Model,1.679222,29.036623,1.405413,1.090984,0.155665
F564-V3,Model,1.679222,29.036623,1.607888,1.120836,0.133969
F564-V3,Model,1.679222,29.036623,1.810363,1.144555,0.136379
F564-V3,Model,1.679222,29.036623,2.006882,1.163324,0.15291
F564-V3,Model,1.679222,29.036623,2.209357,1.179383,0.159454
DDO_126,Data,2.956037,38.693935,0.043978,0.082959,0.075464
DDO_126,Data,2.956037,38.693935,0.091339,0.184008,0.04626
DDO_126,Data,2.956037,38.693935,0.135316,0.224066,0.038249
DDO_126,Data,2.956037,38.693935,0.179294,0.32434,0.067969
DDO_126,Data,2.956037,38.693935,0.226655,0.312969,0.076498
DDO_126,Data,2.956037,38.693935,0.270633,0.371118,0.078565
DDO_126,Data,2.956037,38.693935,0.31461,0.433143,0.06952
DDO_126,Data,2.956037,38.693935,0.358588,0.502663,0.080633
DDO_126,Data,2.956037,38.693935,0.405949,0.516618,0.079082
DDO_126,Data,2.956037,38.693935,0.449927,0.582779,0.069261
DDO_126,Data,2.956037,38.693935,0.493905,0.617409,0.072104
DDO_126,Data,2.956037,38.693935,0.541265,0.66858,0.065126
DDO_126,Data,2.956037,38.693935,0.585243,0.714065,0.042901
DDO_126,Data,2.956037,38.693935,0.629221,0.767045,0.049879
DDO_126,Data,2.956037,38.693935,0.676582,0.793923,0.054789
DDO_126,Data,2.956037,38.693935,0.720559,0.862409,0.061767
DDO_126,Data,2.956037,38.693935,0.764537,0.898332,0.075722
DDO_126,Data,2.956037,38.693935,0.808515,0.884893,0.06616
DDO_126,Data,2.956037,38.693935,0.855876,0.946918,0.076239
DDO_126,Data,2.956037,38.693935,0.899854,0.949503,0.086318
DDO_126,Data,2.956037,38.693935,0.943831,0.981291,0.083476
DDO_126,Data,2.956037,38.693935,0.991192,1.001191,0.08115
DDO_126,Data,2.956037,38.693935,1.03517,0.995246,0.07443
DDO_126,Data,2.956037,38.693935,1.079148,0.972245,0.064351
DDO_126,Data,2.956037,38.693935,1.126508,0.973538,0.072104
DDO_126,Data,2.956037,38.693935,1.170486,0.958807,0.060991
DDO_126,Data,2.956037,38.693935,1.214464,0.965267,0.057373
DDO_126,Data,2.956037,38.693935,1.258442,0.974571,0.058924
DDO_126,Data,2.956037,38.693935,1.305802,0.968886,0.053755
DDO_126,Data,2.956037,38.693935,1.34978,0.961908,0.053497
DDO_126,Model,3.189209,36.89679,0.040762,0.078156,0.07914
DDO_126,Model,3.189209,36.89679,0.08466,0.160859,0.048514
DDO_126,Model,3.189209,36.89679,0.125423,0.235073,0.040112
DDO_126,Model,3.189209,36.89679,0.166185,0.305864,0.07128
DDO_126,Model,3.189209,36.89679,0.210083,0.377542,0.080224
DDO_126,Model,3.189209,36.89679,0.250846,0.439494,0.082392
DDO_126,Model,3.189209,36.89679,0.291608,0.496881,0.072906
DDO_126,Model,3.189209,36.89679,0.332371,0.549769,0.08456
DDO_126,Model,3.189209,36.89679,0.376269,0.601906,0.082934
DDO_126,Model,3.189209,36.89679,0.417031,0.646127,0.072635
DDO_126,Model,3.189209,36.89679,0.457794,0.686623,0.075616
DDO_126,Model,3.189209,36.89679,0.501692,0.726432,0.068299
DDO_126,Model,3.189209,36.89679,0.542454,0.760196,0.04499
DDO_126,Model,3.189209,36.89679,0.583217,0.79118,0.052308
DDO_126,Model,3.189209,36.89679,0.627115,0.821752,0.057458
DDO_126,Model,3.189209,36.89679,0.667877,0.847803,0.064775
DDO_126,Model,3.189209,36.89679,0.70864,0.87184,0.079411
DDO_126,Model,3.189209,36.89679,0.749402,0.894056,0.069383
DDO_126,Model,3.189209,36.89679,0.7933,0.916156,0.079953
DDO_126,Model,3.189209,36.89679,0.834063,0.935146,0.090523
DDO_126,Model,3.189209,36.89679,0.874825,0.952812,0.087541
DDO_126,Model,3.189209,36.89679,0.918723,0.970494,0.085102
DDO_126,Model,3.189209,36.89679,0.959485,0.985782,0.078056
DDO_126,Model,3.189209,36.89679,1.000248,1.000087,0.067486
DDO_126,Model,3.189209,36.89679,1.044146,1.014489,0.075616
DDO_126,Model,3.189209,36.89679,1.084908,1.027014,0.063962
DDO_126,Model,3.189209,36.89679,1.125671,1.038795,0.060168
DDO_126,Model,3.189209,36.89679,1.166433,1.049891,0.061794
DDO_126,Model,3.189209,36.89679,1.210331,1.061138,0.056373
DDO_126,Model,3.189209,36.89679,1.251094,1.070987,0.056102
HARO_29,Data,0.635209,27.880409,0.251886,0.39239,0.257887
HARO_29,Data,0.635209,27.880409,0.488029,0.676461,0.183283
HARO_29,Data,0.635209,27.880409,0.739914,0.890231,0.209107
HARO_29,Data,0.635209,27.880409,0.9918,0.997116,0.143111
HARO_29,Data,0.635209,27.880409,1.243686,1.085709,0.14347
HARO_29,Data,0.635209,27.880409,1.479828,1.187931,0.125178
HARO_29,Data,0.635209,27.880409,1.731714,1.083198,0.123025
HARO_29,Data,0.635209,27.880409,1.9836,1.067775,0.142753
HARO_29,Data,0.635209,27.880409,2.235485,1.125521,0.147774
HARO_29,Data,0.635209,27.880409,2.471628,1.115479,0.12733
HARO_29,Data,0.635209,27.880409,2.723514,1.204789,0.150643
HARO_29,Data,0.635209,27.880409,2.9754,1.286208,0.143111
HARO_29,Data,0.635209,27.880409,3.227285,1.209093,0.151361
HARO_29,Data,0.635209,27.880409,3.463428,1.147759,0.155665
HARO_29,Data,0.635209,27.880409,3.715314,1.211962,0.158176
HARO_29,Data,0.635209,27.880409,3.9672,1.227026,0.153154
HARO_29,Data,0.635209,27.880409,4.203342,1.231689,0.165708
HARO_29,Data,0.635209,27.880409,4.455228,1.261101,0.147774
HARO_29,Data,0.635209,27.880409,4.707114,1.168563,0.158176
HARO_29,Data,0.635209,27.880409,4.959,1.205506,0.15423
HARO_29,Data,0.635209,27.880409,5.195142,1.26935,0.153154
HARO_29,Data,0.635209,27.880409,5.447028,1.388789,0.140242
HARO_29,Data,0.635209,27.880409,5.698914,1.559877,0.156741
HARO_29,Data,0.635209,27.880409,5.950799,1.426091,0.201934
HARO_29,Data,0.635209,27.880409,6.186942,1.222364,0.160686
HARO_29,Data,0.635209,27.880409,6.438828,1.242091,0.132351
HARO_29,Data,0.635209,27.880409,6.690713,1.203354,0.160328
HARO_29,Data,0.635209,27.880409,6.942599,1.205865,0.163914
HARO_29,Data,0.635209,27.880409,7.178742,1.272937,0.196554
HARO_29,Data,0.635209,27.880409,7.430627,1.156009,0.180055
HARO_29,Data,0.635209,27.880409,7.682514,1.215549,0.160328
HARO_29,Data,0.635209,27.880409,7.918656,1.095751,0.166066
HARO_29,Model,0.581219,27.033062,0.275284,0.50183,0.26671
HARO_29,Model,0.581219,27.033062,0.533362,0.771348,0.193467
HARO_29,Model,0.581219,27.033062,0.808646,0.926769,0.191617
HARO_29,Model,0.581219,27.033062,1.083929,1.018009,0.132061
HARO_29,Model,0.581219,27.033062,1.359213,1.077077,0.137609
HARO_29,Model,0.581219,27.033062,1.617291,1.115993,0.132061
HARO_29,Model,0.581219,27.033062,1.892575,1.146722,0.121703
HARO_29,Model,0.581219,27.033062,2.167859,1.170152,0.13428
HARO_29,Model,0.581219,27.033062,2.443142,1.188593,0.136869
HARO_29,Model,0.581219,27.033062,2.701221,1.202631,0.129471
HARO_29,Model,0.581219,27.033062,2.976504,1.215034,0.148707
HARO_29,Model,0.581219,27.033062,3.251788,1.225418,0.147227
HARO_29,Model,0.581219,27.033062,3.527071,1.234233,0.157585
HARO_29,Model,0.581219,27.033062,3.78515,1.241373,0.162394
HARO_29,Model,0.581219,27.033062,4.060433,1.248012,0.155365
HARO_29,Model,0.581219,27.033062,4.335717,1.253835,0.147597
HARO_29,Model,0.581219,27.033062,4.593796,1.258674,0.153886
HARO_29,Model,0.581219,27.033062,4.869079,1.263279,0.147227
HARO_29,Model,0.581219,27.033062,5.144363,1.267407,0.170902
HARO_29,Model,0.581219,27.033062,5.419647,1.271121,0.168682
HARO_29,Model,0.581219,27.033062,5.677725,1.274284,0.152776
HARO_29,Model,0.581219,27.033062,5.953009,1.277358,0.147597
HARO_29,Model,0.581219,27.033062,6.228292,1.280169,0.165723
HARO_29,Model,0.581219,27.033062,6.503576,1.282744,0.185329
HARO_29,Model,0.581219,27.033062,6.761654,1.284971,0.146857
HARO_29,Model,0.581219,27.033062,7.036938,1.287168,0.149817
HARO_29,Model,0.581219,27.033062,7.312222,1.289203,0.144268
HARO_29,Model,0.581219,27.033062,7.587505,1.291089,0.149817
HARO_29,Model,0.581219,27.033062,7.845583,1.292743,0.1783
HARO_29,Model,0.581219,27.033062,8.120867,1.294389,0.158695
HARO_29,Model,0.581219,27.033062,8.396151,1.295932,0.160174
HARO_29,Model,0.581219,27.033062,8.654229,1.297289,0.140569
DDO_101,Data,1.140152,57.449184,0.22804,0.532471,0.049087
DDO_101,Data,1.140152,57.449184,0.45608,0.729514,0.037947
DDO_101,Data,1.140152,57.449184,0.675349,0.85989,0.038295
DDO_101,Data,1.140152,57.449184,0.903388,0.966593,0.03551
DDO_101,Data,1.140152,57.449184,1.131428,1.045446,0.038817
DDO_101,Data,1.140152,57.449184,1.359468,1.065463,0.038643
DDO_101,Data,1.140152,57.449184,1.578737,1.084785,0.037076
DDO_101,Data,1.140152,57.449184,1.806777,1.107936,0.043517
DDO_101,Data,1.140152,57.449184,2.034817,1.130042,0.036554
DDO_101,Model,1.497756,60.489796,0.146886,0.298836,0.061167
DDO_101,Model,1.497756,60.489796,0.287096,0.525718,0.095553
DDO_101,Model,1.497756,60.489796,0.433983,0.69497,0.063482
DDO_101,Model,1.497756,60.489796,0.580869,0.812815,0.062986
DDO_101,Model,1.497756,60.489796,0.727755,0.897001,0.054885
DDO_101,Model,1.497756,60.489796,0.867965,0.956775,0.054389
DDO_101,Model,1.497756,60.489796,1.014852,1.004862,0.062655
DDO_101,Model,1.497756,60.489796,1.161738,1.042584,0.071417
DDO_101,Model,1.497756,60.489796,1.301948,1.071642,0.084808
DDO_133,Data,1.83,38.700001,0.098361,0.133592,0.03385
DDO_133,Data,1.83,38.700001,0.202186,0.333592,0.043669
DDO_133,Data,1.83,38.700001,0.300546,0.540568,0.040568
DDO_133,Data,1.83,38.700001,0.398907,0.660724,0.04522
DDO_133,Data,1.83,38.700001,0.502732,0.681912,0.04832
DDO_133,Data,1.83,38.700001,0.601093,0.726873,0.048579
DDO_133,Data,1.83,38.700001,0.699454,0.810336,0.042377
DDO_133,Data,1.83,38.700001,0.803279,0.898966,0.051163
DDO_133,Data,1.83,38.700001,0.901639,0.997416,0.050129
DDO_133,Data,1.83,38.700001,1.0,1.071835,0.037209
DDO_133,Data,1.83,38.700001,1.103825,1.075452,0.037468
DDO_133,Data,1.83,38.700001,1.202186,1.092506,0.040052
DDO_133,Data,1.83,38.700001,1.300547,1.115504,0.044703
DDO_133,Data,1.83,38.700001,1.404372,1.15969,0.042377
DDO_133,Data,1.83,38.700001,1.502732,1.207494,0.037726
DDO_133,Data,1.83,38.700001,1.601093,1.19199,0.041085
DDO_133,Data,1.83,38.700001,1.704918,1.1354,0.045478
DDO_133,Data,1.83,38.700001,1.803279,1.174935,0.053747
DDO_133,Data,1.83,38.700001,1.901639,1.191731,0.055297
DDO_133,Model,2.327028,42.877571,0.077352,0.157043,0.030552
DDO_133,Model,2.327028,42.877571,0.159001,0.3113,0.039415
DDO_133,Model,2.327028,42.877571,0.236353,0.439684,0.036616
DDO_133,Model,2.327028,42.877571,0.313705,0.548905,0.040814
DDO_133,Model,2.327028,42.877571,0.395354,0.644831,0.043613
DDO_133,Model,2.327028,42.877571,0.472706,0.720055,0.043846
DDO_133,Model,2.327028,42.877571,0.550058,0.782817,0.038248
DDO_133,Model,2.327028,42.877571,0.631707,0.838203,0.046178
DDO_133,Model,2.327028,42.877571,0.709059,0.882436,0.045245
DDO_133,Model,2.327028,42.877571,0.786411,0.920239,0.033584
DDO_133,Model,2.327028,42.877571,0.86806,0.954506,0.033817
DDO_133,Model,2.327028,42.877571,0.945412,0.982616,0.036149
DDO_133,Model,2.327028,42.877571,1.022764,1.007249,0.040347
DDO_133,Model,2.327028,42.877571,1.104413,1.030119,0.038248
DDO_133,Model,2.327028,42.877571,1.181765,1.049306,0.03405
DDO_133,Model,2.327028,42.877571,1.259117,1.066453,0.037082
DDO_133,Model,2.327028,42.877571,1.340766,1.082676,0.041047
DDO_133,Model,2.327028,42.877571,1.418118,1.09652,0.04851
DDO_133,Model,2.327028,42.877571,1.49547,1.109086,0.04991
NGC_1569,Data,3.17,49.009998,0.078864,0.155887,0.111814
NGC_1569,Data,3.17,49.009998,0.119874,0.246276,0.109161
NGC_1569,Data,3.17,49.009998,0.160883,0.326872,0.152826
NGC_1569,Data,3.17,49.009998,0.198738,0.359314,0.161396
NGC_1569,Data,3.17,49.009998,0.239748,0.418078,0.183636
NGC_1569,Data,3.17,49.009998,0.280757,0.429912,0.168945
NGC_1569,Data,3.17,49.009998,0.321767,0.479086,0.202816
NGC_1569,Data,3.17,49.009998,0.359621,0.496633,0.238931
NGC_1569,Data,3.17,49.009998,0.400631,0.521934,0.184248
NGC_1569,Data,3.17,49.009998,0.44164,0.562946,0.202612
NGC_1569,Data,3.17,49.009998,0.479495,0.618241,0.186697
NGC_1569,Data,3.17,49.009998,0.520505,0.690879,0.142828
NGC_1569,Data,3.17,49.009998,0.561514,0.753928,0.152622
NGC_1569,Data,3.17,49.009998,0.599369,0.813099,0.161396
NGC_1569,Data,3.17,49.009998,0.640379,0.833095,0.187921
NGC_1569,Data,3.17,49.009998,0.681388,0.87574,0.264436
NGC_1569,Data,3.17,49.009998,0.719243,0.922669,0.268925
NGC_1569,Data,3.17,49.009998,0.760252,0.918384,0.31463
NGC_1569,Data,3.17,49.009998,0.801262,0.899,0.274842
NGC_1569,Data,3.17,49.009998,0.842271,0.897368,0.260763
NGC_1569,Data,3.17,49.009998,0.880126,0.91716,0.26566
NGC_1569,Data,3.17,49.009998,0.921136,0.885942,0.216282
NGC_1569,Data,3.17,49.009998,0.962145,0.967354,0.206488
NGC_1569,Data,3.17,49.009998,1.0,1.0,0.196082
NGC_1569,Model,3.05,46.919601,0.081967,0.145804,0.116796
NGC_1569,Model,3.05,46.919601,0.12459,0.219094,0.114025
NGC_1569,Model,3.05,46.919601,0.167213,0.289491,0.159635
NGC_1569,Model,3.05,46.919601,0.206557,0.351348,0.168586
NGC_1569,Model,3.05,46.919601,0.24918,0.414586,0.191817
NGC_1569,Model,3.05,46.919601,0.291803,0.473685,0.176472
NGC_1569,Model,3.05,46.919601,0.334426,0.528602,0.211852
NGC_1569,Model,3.05,46.919601,0.373771,0.575651,0.249576
NGC_1569,Model,3.05,46.919601,0.416393,0.622838,0.192457
NGC_1569,Model,3.05,46.919601,0.459016,0.666314,0.211639
NGC_1569,Model,3.05,46.919601,0.498361,0.70338,0.195014
NGC_1569,Model,3.05,46.919601,0.540984,0.740467,0.149191
NGC_1569,Model,3.05,46.919601,0.583607,0.774625,0.159422
NGC_1569,Model,3.05,46.919601,0.622951,0.803786,0.168586
NGC_1569,Model,3.05,46.919601,0.665574,0.833034,0.196293
NGC_1569,Model,3.05,46.919601,0.708197,0.860067,0.276217
NGC_1569,Model,3.05,46.919601,0.747541,0.883234,0.280906
NGC_1569,Model,3.05,46.919601,0.790164,0.906578,0.328647
NGC_1569,Model,3.05,46.919601,0.832787,0.928258,0.287087
NGC_1569,Model,3.05,46.919601,0.87541,0.948433,0.272381
NGC_1569,Model,3.05,46.919601,0.914754,0.965837,0.277496
NGC_1569,Model,3.05,46.919601,0.957377,0.983489,0.225918
NGC_1569,Model,3.05,46.919601,1.0,1.0,0.215688
DDO_43,Data,3.26,37.84,0.144172,0.226216,0.076374
DDO_43,Data,3.26,37.84,0.285276,0.502114,0.063161
DDO_43,Data,3.26,37.84,0.429448,0.677326,0.059461
DDO_43,Data,3.26,37.84,0.570552,0.798361,0.054704
DDO_43,Data,3.26,37.84,0.714724,0.913584,0.059989
DDO_43,Data,3.26,37.84,0.855828,0.941596,0.066332
DDO_43,Data,3.26,37.84,1.0,1.0,0.07056
DDO_43,Data,3.26,37.84,1.141104,1.011099,0.074524
DDO_43,Data,3.26,37.84,1.285276,0.877907,0.074524
HARO_36,Data,1.596362,34.07251,0.200456,0.378311,0.211021
HARO_36,Data,1.596362,34.07251,0.394647,0.569667,0.214249
HARO_36,Data,1.596362,34.07251,0.595103,0.752806,0.216303
HARO_36,Data,1.596362,34.07251,0.789294,0.930369,0.197813
HARO_36,Data,1.596362,34.07251,0.98975,0.995817,0.143224
HARO_36,Data,1.596362,34.07251,1.183942,1.07506,0.193118
HARO_36,Data,1.596362,34.07251,1.384398,1.159586,0.250348
HARO_36,Data,1.596362,34.07251,1.578589,1.215936,0.25886
HARO_36,Data,1.596362,34.07251,1.779045,1.461882,0.249761
HARO_36,Data,1.596362,34.07251,1.979501,1.708709,0.193411
HARO_36,Model,3.16,52.607399,0.101266,0.160227,0.136673
HARO_36,Model,3.16,52.607399,0.199367,0.307546,0.138764
HARO_36,Model,3.16,52.607399,0.300633,0.445645,0.140094
HARO_36,Model,3.16,52.607399,0.398734,0.563366,0.128119
HARO_36,Model,3.16,52.607399,0.5,0.668267,0.092763
HARO_36,Model,3.16,52.607399,0.598101,0.755187,0.125077
HARO_36,Model,3.16,52.607399,0.699367,0.831763,0.162144
HARO_36,Model,3.16,52.607399,0.797468,0.895205,0.167657
HARO_36,Model,3.16,52.607399,0.898734,0.951476,0.161764
HARO_36,Model,3.16,52.607399,1.0,1.0,0.125268
DDO_168,Data,2.732018,60.90984,0.043924,0.054671,0.041208
DDO_168,Data,2.732018,60.90984,0.087847,0.080939,0.060089
DDO_168,Data,2.732018,60.90984,0.131771,0.125103,0.033985
DDO_168,Data,2.732018,60.90984,0.175694,0.209818,0.034806
DDO_168,Data,2.732018,60.90984,0.219618,0.319489,0.048925
DDO_168,Data,2.732018,60.90984,0.267202,0.421443,0.048268
DDO_168,Data,2.732018,60.90984,0.311125,0.465442,0.038417
DDO_168,Data,2.732018,60.90984,0.355049,0.512561,0.042194
DDO_168,Data,2.732018,60.90984,0.398973,0.562471,0.053358
DDO_168,Data,2.732018,60.90984,0.442896,0.622395,0.061074
DDO_168,Data,2.732018,60.90984,0.48682,0.667051,0.078641
DDO_168,Data,2.732018,60.90984,0.530743,0.732886,0.070432
DDO_168,Data,2.732018,60.90984,0.574667,0.788378,0.06485
DDO_168,Data,2.732018,60.90984,0.61859,0.835169,0.069119
DDO_168,Data,2.732018,60.90984,0.662514,0.87375,0.065671
DDO_168,Data,2.732018,60.90984,0.706438,0.91578,0.072238
DDO_168,Data,2.732018,60.90984,0.754022,0.968809,0.083238
DDO_168,Data,2.732018,60.90984,0.797945,0.991465,0.070268
DDO_168,Data,2.732018,60.90984,0.841869,1.004764,0.066984
DDO_168,Data,2.732018,60.90984,0.885792,1.016585,0.067477
DDO_168,Data,2.732018,60.90984,0.929716,1.012152,0.074701
DDO_168,Data,2.732018,60.90984,0.973639,1.010838,0.075193
DDO_168,Data,2.732018,60.90984,1.017563,0.992779,0.066984
DDO_168,Data,2.732018,60.90984,1.061487,1.008376,0.065835
DDO_168,Data,2.732018,60.90984,1.10541,1.007555,0.080939
DDO_168,Data,2.732018,60.90984,1.149334,0.990809,0.08882
DDO_168,Data,2.732018,60.90984,1.193257,0.96454,0.0857
DDO_168,Data,2.732018,60.90984,1.240841,0.96569,0.081924
DDO_168,Data,2.732018,60.90984,1.284765,0.920377,0.078641
DDO_168,Data,2.732018,60.90984,1.328689,0.847482,0.076178
DDO_168,Data,2.732018,60.90984,1.372612,0.835005,0.071089
DDO_168,Data,2.732018,60.90984,1.416535,0.797572,0.076014
DDO_168,Data,2.732018,60.90984,1.460459,0.775901,0.082089
DDO_168,Model,3.14,67.414101,0.038217,0.062583,0.037233
DDO_168,Model,3.14,67.414101,0.076433,0.124622,0.054291
DDO_168,Model,3.14,67.414101,0.11465,0.185602,0.030706
DDO_168,Model,3.14,67.414101,0.152866,0.245061,0.031447
DDO_168,Model,3.14,67.414101,0.191083,0.302615,0.044204
DDO_168,Model,3.14,67.414101,0.232484,0.36246,0.043611
DDO_168,Model,3.14,67.414101,0.270701,0.415158,0.034711
DDO_168,Model,3.14,67.414101,0.308917,0.465277,0.038123
DDO_168,Model,3.14,67.414101,0.347134,0.512755,0.048209
DDO_168,Model,3.14,67.414101,0.38535,0.557591,0.055181
DDO_168,Model,3.14,67.414101,0.423567,0.599829,0.071053
DDO_168,Model,3.14,67.414101,0.461783,0.639549,0.063637
DDO_168,Model,3.14,67.414101,0.5,0.676855,0.058593
DDO_168,Model,3.14,67.414101,0.538217,0.71187,0.06245
DDO_168,Model,3.14,67.414101,0.576433,0.744721,0.059335
DDO_168,Model,3.14,67.414101,0.61465,0.775541,0.065268
DDO_168,Model,3.14,67.414101,0.656051,0.806791,0.075207
DDO_168,Model,3.14,67.414101,0.694268,0.833803,0.063488
DDO_168,Model,3.14,67.414101,0.732484,0.859181,0.060521
DDO_168,Model,3.14,67.414101,0.770701,0.883041,0.060966
DDO_168,Model,3.14,67.414101,0.808917,0.905495,0.067493
DDO_168,Model,3.14,67.414101,0.847134,0.926643,0.067938
DDO_168,Model,3.14,67.414101,0.88535,0.946582,0.060521
DDO_168,Model,3.14,67.414101,0.923567,0.965402,0.059483
DDO_168,Model,3.14,67.414101,0.961783,0.983183,0.07313
DDO_168,Model,3.14,67.414101,1.0,1.0,0.08025
NGC_2366,Data,2.787214,50.433895,0.043054,0.108261,0.043027
NGC_2366,Data,2.787214,50.433895,0.08252,0.180632,0.047587
NGC_2366,Data,2.787214,50.433895,0.125573,0.22009,0.039259
NGC_2366,Data,2.787214,50.433895,0.165039,0.253996,0.047984
NGC_2366,Data,2.787214,50.433895,0.208093,0.284531,0.059682
NGC_2366,Data,2.787214,50.433895,0.247559,0.333308,0.071381
NGC_2366,Data,2.787214,50.433895,0.290613,0.371377,0.062855
NGC_2366,Data,2.787214,50.433895,0.330079,0.444939,0.057303
NGC_2366,Data,2.787214,50.433895,0.373132,0.504423,0.050363
NGC_2366,Data,2.787214,50.433895,0.412598,0.552605,0.051751
NGC_2366,Data,2.787214,50.433895,0.455652,0.608519,0.081691
NGC_2366,Data,2.787214,50.433895,0.495118,0.640442,0.091407
NGC_2366,Data,2.787214,50.433895,0.538172,0.664831,0.083872
NGC_2366,Data,2.787214,50.433895,0.581226,0.687236,0.075148
NGC_2366,Data,2.787214,50.433895,0.620692,0.759013,0.073363
NGC_2366,Data,2.787214,50.433895,0.663745,0.80779,0.071381
NGC_2366,Data,2.787214,50.433895,0.703211,0.823652,0.076338
NGC_2366,Data,2.787214,50.433895,0.746265,0.845463,0.071975
NGC_2366,Data,2.787214,50.433895,0.785731,0.863705,0.071182
NGC_2366,Data,2.787214,50.433895,0.828785,0.876593,0.081691
NGC_2366,Data,2.787214,50.433895,0.868251,0.903757,0.070984
NGC_2366,Data,2.787214,50.433895,0.911304,0.937068,0.065432
NGC_2366,Data,2.787214,50.433895,0.95077,0.971371,0.06801
NGC_2366,Data,2.787214,50.433895,0.993824,0.998138,0.065234
NGC_2366,Data,2.787214,50.433895,1.03329,1.010035,0.066424
NGC_2366,Data,2.787214,50.433895,1.076344,1.018958,0.066027
NGC_2366,Data,2.787214,50.433895,1.119397,1.012613,0.070786
NGC_2366,Data,2.787214,50.433895,1.158863,1.020147,0.070984
NGC_2366,Data,2.787214,50.433895,1.201917,1.027682,0.06801
NGC_2366,Data,2.787214,50.433895,1.241383,1.051079,0.069794
NGC_2366,Data,2.787214,50.433895,1.284437,1.054053,0.070786
NGC_2366,Data,2.787214,50.433895,1.323903,1.07051,0.075941
NGC_2366,Data,2.787214,50.433895,1.366956,1.098864,0.083476
NGC_2366,Data,2.787214,50.433895,1.406422,1.096287,0.077924
NGC_2366,Data,2.787214,50.433895,1.449476,1.100847,0.078717
NGC_2366,Data,2.787214,50.433895,1.488942,1.0947,0.067812
NGC_2366,Data,2.787214,50.433895,1.531996,1.084786,0.062458
NGC_2366,Data,2.787214,50.433895,1.571462,1.081614,0.062656
NGC_2366,Data,2.787214,50.433895,1.614516,1.099657,0.068803
NGC_2366,Data,2.787214,50.433895,1.657569,1.09589,0.065234
NGC_2366,Data,2.787214,50.433895,1.697035,1.105209,0.070587
NGC_2366,Data,2.787214,50.433895,1.740089,1.09014,0.06563
NGC_2366,Data,2.787214,50.433895,1.779555,1.086571,0.064837
NGC_2366,Data,2.787214,50.433895,1.822609,1.108976,0.06563
NGC_2366,Data,2.787214,50.433895,1.862075,1.12583,0.070786
NGC_2366,Data,2.787214,50.433895,1.905128,1.133167,0.066622
NGC_2366,Data,2.787214,50.433895,1.944594,1.152995,0.067812
NGC_2366,Data,2.787214,50.433895,1.987648,1.167072,0.060872
NGC_2366,Data,2.787214,50.433895,2.027114,1.159141,0.071182
NGC_2366,Data,2.787214,50.433895,2.070168,1.169848,0.070786
NGC_2366,Data,2.787214,50.433895,2.109634,1.156564,0.070389
NGC_2366,Data,2.787214,50.433895,2.152687,1.164495,0.074156
NGC_2366,Data,2.787214,50.433895,2.195741,1.167865,0.067217
NGC_2366,Data,2.787214,50.433895,2.235207,1.1524,0.070984
NGC_2366,Data,2.787214,50.433895,2.278261,1.171038,0.066424
NGC_2366,Data,2.787214,50.433895,2.317727,1.162908,0.076338
NGC_2366,Data,2.787214,50.433895,2.36078,1.155572,0.078122
NGC_2366,Data,2.787214,50.433895,2.400246,1.132175,0.076536
NGC_2366,Data,2.787214,50.433895,2.4433,1.134356,0.08407
NGC_2366,Data,2.787214,50.433895,2.482766,1.159934,0.076338
NGC_2366,Data,2.787214,50.433895,2.52582,1.167667,0.086252
NGC_2366,Data,2.787214,50.433895,2.565286,1.154977,0.076932
NGC_2366,Data,2.787214,50.433895,2.60834,1.169055,0.071777
NGC_2366,Data,2.787214,50.433895,2.647805,1.168064,0.085458
NGC_2366,Data,2.787214,50.433895,2.690859,1.13733,0.080105
NGC_2366,Data,2.787214,50.433895,2.733913,1.147244,0.078717
NGC_2366,Data,2.787214,50.433895,2.773379,1.185116,0.075544
NGC_2366,Data,2.787214,50.433895,2.816433,1.154382,0.066622
NGC_2366,Data,2.787214,50.433895,2.855899,1.141098,0.070984
NGC_2366,Data,2.787214,50.433895,2.898952,1.154779,0.060872
NGC_2366,Model,3.2879,50.27964,0.036497,0.073093,0.043159
NGC_2366,Model,3.2879,50.27964,0.069953,0.13916,0.047733
NGC_2366,Model,3.2879,50.27964,0.106451,0.209278,0.03938
NGC_2366,Model,3.2879,50.27964,0.139907,0.27107,0.048131
NGC_2366,Model,3.2879,50.27964,0.176404,0.335183,0.059865
NGC_2366,Model,3.2879,50.27964,0.20986,0.390593,0.0716
NGC_2366,Model,3.2879,50.27964,0.246358,0.447175,0.063047
NGC_2366,Model,3.2879,50.27964,0.279814,0.495463,0.057479
NGC_2366,Model,3.2879,50.27964,0.316311,0.544312,0.050517
NGC_2366,Model,3.2879,50.27964,0.349767,0.585724,0.05191
NGC_2366,Model,3.2879,50.27964,0.386265,0.627439,0.081942
NGC_2366,Model,3.2879,50.27964,0.419721,0.662718,0.091687
NGC_2366,Model,3.2879,50.27964,0.456218,0.698227,0.084129
NGC_2366,Model,3.2879,50.27964,0.492716,0.73089,0.075378
NGC_2366,Model,3.2879,50.27964,0.526172,0.758552,0.073588
NGC_2366,Model,3.2879,50.27964,0.562669,0.786465,0.0716
NGC_2366,Model,3.2879,50.27964,0.596125,0.810163,0.076572
NGC_2366,Model,3.2879,50.27964,0.632623,0.834145,0.072196
NGC_2366,Model,3.2879,50.27964,0.666079,0.854571,0.071401
NGC_2366,Model,3.2879,50.27964,0.702576,0.875309,0.081942
NGC_2366,Model,3.2879,50.27964,0.736032,0.893029,0.071202
NGC_2366,Model,3.2879,50.27964,0.77253,0.911084,0.065633
NGC_2366,Model,3.2879,50.27964,0.805986,0.926562,0.068218
NGC_2366,Model,3.2879,50.27964,0.842483,0.942383,0.065434
NGC_2366,Model,3.2879,50.27964,0.875939,0.955993,0.066627
NGC_2366,Model,3.2879,50.27964,0.912436,0.969949,0.06623
NGC_2366,Model,3.2879,50.27964,0.948934,0.98305,0.071003
NGC_2366,Model,3.2879,50.27964,0.98239,0.994373,0.071202
NGC_2366,Model,3.2879,50.27964,1.018887,1.006035,0.068218
NGC_2366,Model,3.2879,50.27964,1.052343,1.016141,0.070008
NGC_2366,Model,3.2879,50.27964,1.088841,1.026579,0.071003
NGC_2366,Model,3.2879,50.27964,1.122297,1.035648,0.076174
NGC_2366,Model,3.2879,50.27964,1.158794,1.045037,0.083732
NGC_2366,Model,3.2879,50.27964,1.19225,1.053216,0.078163
NGC_2366,Model,3.2879,50.27964,1.228748,1.061704,0.078958
NGC_2366,Model,3.2879,50.27964,1.262204,1.069113,0.06802
NGC_2366,Model,3.2879,50.27964,1.298701,1.076818,0.06265
NGC_2366,Model,3.2879,50.27964,1.332157,1.083558,0.062849
NGC_2366,Model,3.2879,50.27964,1.368655,1.090583,0.069014
NGC_2366,Model,3.2879,50.27964,1.405152,1.097285,0.065434
NGC_2366,Model,3.2879,50.27964,1.438608,1.103166,0.070804
NGC_2366,Model,3.2879,50.27964,1.475106,1.10931,0.065832
NGC_2366,Model,3.2879,50.27964,1.508562,1.114712,0.065036
NGC_2366,Model,3.2879,50.27964,1.545059,1.120364,0.065832
NGC_2366,Model,3.2879,50.27964,1.578515,1.125338,0.071003
NGC_2366,Model,3.2879,50.27964,1.615013,1.130555,0.066826
NGC_2366,Model,3.2879,50.27964,1.648468,1.135153,0.06802
NGC_2366,Model,3.2879,50.27964,1.684966,1.13998,0.061059
NGC_2366,Model,3.2879,50.27964,1.718422,1.144243,0.071401
NGC_2366,Model,3.2879,50.27964,1.754919,1.148723,0.071003
NGC_2366,Model,3.2879,50.27964,1.788375,1.152683,0.070605
NGC_2366,Model,3.2879,50.27964,1.824873,1.156852,0.074384
NGC_2366,Model,3.2879,50.27964,1.86137,1.160869,0.067423
NGC_2366,Model,3.2879,50.27964,1.894826,1.16443,0.071202
NGC_2366,Model,3.2879,50.27964,1.931324,1.168181,0.066627
NGC_2366,Model,3.2879,50.27964,1.96478,1.171508,0.076572
NGC_2366,Model,3.2879,50.27964,2.001277,1.17502,0.078362
NGC_2366,Model,3.2879,50.27964,2.034733,1.178137,0.076771
NGC_2366,Model,3.2879,50.27964,2.071231,1.181428,0.084328
NGC_2366,Model,3.2879,50.27964,2.104687,1.184354,0.076572
NGC_2366,Model,3.2879,50.27964,2.141184,1.187449,0.086516
NGC_2366,Model,3.2879,50.27964,2.17464,1.190199,0.077168
NGC_2366,Model,3.2879,50.27964,2.211138,1.193113,0.071997
NGC_2366,Model,3.2879,50.27964,2.244594,1.195705,0.085721
NGC_2366,Model,3.2879,50.27964,2.281091,1.198451,0.080351
NGC_2366,Model,3.2879,50.27964,2.317589,1.201116,0.078958
NGC_2366,Model,3.2879,50.27964,2.351045,1.203491,0.075776
NGC_2366,Model,3.2879,50.27964,2.387542,1.206011,0.066826
NGC_2366,Model,3.2879,50.27964,2.420998,1.208256,0.071202
NGC_2366,Model,3.2879,50.27964,2.457495,1.210641,0.061059
DDO_154,Data,2.728005,40.681252,0.05132,0.152404,0.063666
DDO_154,Data,2.728005,40.681252,0.106305,0.281211,0.059733
DDO_154,Data,2.728005,40.681252,0.157624,0.372899,0.05285
DDO_154,Data,2.728005,40.681252,0.208944,0.409279,0.075956
DDO_154,Data,2.728005,40.681252,0.263929,0.483515,0.064403
DDO_154,Data,2.728005,40.681252,0.315249,0.547427,0.064157
DDO_154,Data,2.728005,40.681252,0.366568,0.60888,0.05752
DDO_154,Data,2.728005,40.681252,0.421553,0.625841,0.073007
DDO_154,Data,2.728005,40.681252,0.472873,0.6723,0.132493
DDO_154,Data,2.728005,40.681252,0.527858,0.742848,0.154125
DDO_154,Data,2.728005,40.681252,0.579178,0.797665,0.155846
DDO_154,Data,2.728005,40.681252,0.630497,0.846827,0.174282
DDO_154,Data,2.728005,40.681252,0.685483,0.86428,0.17969
DDO_154,Data,2.728005,40.681252,0.736802,0.88247,0.161499
DDO_154,Data,2.728005,40.681252,0.788122,0.907789,0.156092
DDO_154,Data,2.728005,40.681252,0.843107,0.910493,0.135935
DDO_154,Data,2.728005,40.681252,0.894426,0.939253,0.128806
DDO_154,Data,2.728005,40.681252,0.945746,0.965801,0.121923
DDO_154,Data,2.728005,40.681252,1.000731,1.000461,0.11922
DDO_154,Data,2.728005,40.681252,1.052051,1.017668,0.118236
DDO_154,Data,2.728005,40.681252,1.10337,1.034137,0.106437
DDO_154,Data,2.728005,40.681252,1.158355,1.056015,0.101521
DDO_154,Data,2.728005,40.681252,1.209675,1.075926,0.092917
DDO_154,Data,2.728005,40.681252,1.260995,1.08625,0.082839
DDO_154,Data,2.728005,40.681252,1.31598,1.10444,0.083822
DDO_154,Data,2.728005,40.681252,1.367299,1.118206,0.082839
DDO_154,Data,2.728005,40.681252,1.418619,1.1332,0.084314
DDO_154,Data,2.728005,40.681252,1.473604,1.152865,0.091197
DDO_154,Data,2.728005,40.681252,1.524924,1.164418,0.089722
DDO_154,Data,2.728005,40.681252,1.579909,1.179905,0.10275
DDO_154,Data,2.728005,40.681252,1.631228,1.188754,0.116024
DDO_154,Data,2.728005,40.681252,1.682548,1.180642,0.111845
DDO_154,Data,2.728005,40.681252,1.737533,1.188017,0.111354
DDO_154,Data,2.728005,40.681252,1.788853,1.178921,0.113812
DDO_154,Data,2.728005,40.681252,1.840172,1.154832,0.115041
DDO_154,Data,2.728005,40.681252,1.895158,1.195145,0.118236
DDO_154,Data,2.728005,40.681252,1.946477,1.192933,0.115778
DDO_154,Data,2.728005,40.681252,1.997797,1.162944,0.123398
DDO_154,Data,2.728005,40.681252,2.052782,1.130005,0.12684
DDO_154,Data,2.728005,40.681252,2.104101,1.130742,0.122169
DDO_154,Data,2.728005,40.681252,2.155421,1.141066,0.134952
DDO_154,Data,2.728005,40.681252,2.210406,1.171301,0.129052
DDO_154,Data,2.728005,40.681252,2.261726,1.141804,0.117499
DDO_154,Data,2.728005,40.681252,2.313045,1.142049,0.141097
DDO_154,Data,2.728005,40.681252,2.368031,1.163189,0.141834
DDO_154,Data,2.728005,40.681252,2.41935,1.12263,0.151913
DDO_154,Data,2.728005,40.681252,2.47067,1.112552,0.146259
DDO_154,Data,2.728005,40.681252,2.525655,1.152374,0.132985
DDO_154,Data,2.728005,40.681252,2.576974,1.161714,0.137164
DDO_154,Data,2.728005,40.681252,2.631959,1.124597,0.117007
DDO_154,Data,2.728005,40.681252,2.683279,1.176463,0.13913
DDO_154,Data,2.728005,40.681252,2.734599,1.247503,0.160762
DDO_154,Data,2.728005,40.681252,2.789584,1.256844,0.125857
DDO_154,Data,2.728005,40.681252,2.840904,1.193916,0.170103
DDO_154,Data,2.728005,40.681252,2.892223,1.241604,0.137901
DDO_154,Model,2.676453,40.704559,0.052308,0.109854,0.063629
DDO_154,Model,2.676453,40.704559,0.108352,0.223246,0.059698
DDO_154,Model,2.676453,40.704559,0.16066,0.321878,0.05282
DDO_154,Model,2.676453,40.704559,0.212968,0.411716,0.075913
DDO_154,Model,2.676453,40.704559,0.269013,0.497507,0.064366
DDO_154,Model,2.676453,40.704559,0.321321,0.568052,0.064121
DDO_154,Model,2.676453,40.704559,0.373629,0.630123,0.057487
DDO_154,Model,2.676453,40.704559,0.429673,0.688282,0.072965
DDO_154,Model,2.676453,40.704559,0.481981,0.735787,0.132418
DDO_154,Model,2.676453,40.704559,0.538025,0.780465,0.154037
DDO_154,Model,2.676453,40.704559,0.590333,0.817203,0.155757
DDO_154,Model,2.676453,40.704559,0.642641,0.849848,0.174182
DDO_154,Model,2.676453,40.704559,0.698686,0.880943,0.179587
DDO_154,Model,2.676453,40.704559,0.750994,0.906859,0.161407
DDO_154,Model,2.676453,40.704559,0.803302,0.930198,0.156002
DDO_154,Model,2.676453,40.704559,0.859346,0.952731,0.135857
DDO_154,Model,2.676453,40.704559,0.911654,0.971758,0.128733
DDO_154,Model,2.676453,40.704559,0.963962,0.989103,0.121854
DDO_154,Model,2.676453,40.704559,1.020007,1.00605,0.119151
DDO_154,Model,2.676453,40.704559,1.072315,1.020519,0.118169
DDO_154,Model,2.676453,40.704559,1.124623,1.033847,0.106376
DDO_154,Model,2.676453,40.704559,1.180667,1.046996,0.101463
DDO_154,Model,2.676453,40.704559,1.232975,1.058334,0.092864
DDO_154,Model,2.676453,40.704559,1.285283,1.068861,0.082792
DDO_154,Model,2.676453,40.704559,1.341327,1.079336,0.083774
DDO_154,Model,2.676453,40.704559,1.393635,1.088438,0.082792
DDO_154,Model,2.676453,40.704559,1.445943,1.096948,0.084266
DDO_154,Model,2.676453,40.704559,1.501988,1.105478,0.091145
DDO_154,Model,2.676453,40.704559,1.554296,1.112934,0.089671
DDO_154,Model,2.676453,40.704559,1.61034,1.120437,0.102691
DDO_154,Model,2.676453,40.704559,1.662648,1.127021,0.115958
DDO_154,Model,2.676453,40.704559,1.714956,1.133237,0.111781
DDO_154,Model,2.676453,40.704559,1.771,1.139524,0.11129
DDO_154,Model,2.676453,40.704559,1.823308,1.145068,0.113746
DDO_154,Model,2.676453,40.704559,1.875616,1.150328,0.114975
DDO_154,Model,2.676453,40.704559,1.931661,1.155669,0.118169
DDO_154,Model,2.676453,40.704559,1.983969,1.160398,0.115712
DDO_154,Model,2.676453,40.704559,2.036277,1.164904,0.123328
DDO_154,Model,2.676453,40.704559,2.092321,1.169496,0.126767
DDO_154,Model,2.676453,40.704559,2.144629,1.173579,0.122099
DDO_154,Model,2.676453,40.704559,2.196937,1.177477,0.134874
DDO_154,Model,2.676453,40.704559,2.252982,1.181467,0.128978
DDO_154,Model,2.676453,40.704559,2.30529,1.185027,0.117432
DDO_154,Model,2.676453,40.704559,2.357598,1.188434,0.141016
DDO_154,Model,2.676453,40.704559,2.413642,1.191933,0.141753
DDO_154,Model,2.676453,40.704559,2.46595,1.19506,0.151826
DDO_154,Model,2.676453,40.704559,2.518258,1.198065,0.146175
DDO_154,Model,2.676453,40.704559,2.574302,1.201155,0.132909
DDO_154,Model,2.676453,40.704559,2.626611,1.203927,0.137085
DDO_154,Model,2.676453,40.704559,2.682655,1.206781,0.11694
DDO_154,Model,2.676453,40.704559,2.734963,1.209346,0.139051
DDO_87,Data,3.793598,40.245785,0.057992,0.037768,0.089202
DDO_87,Data,3.793598,40.245785,0.118621,0.22139,0.081251
DDO_87,Data,3.793598,40.245785,0.176613,0.343887,0.0569
DDO_87,Data,3.793598,40.245785,0.237242,0.42961,0.068827
DDO_87,Data,3.793598,40.245785,0.295234,0.451227,0.076033
DDO_87,Data,3.793598,40.245785,0.353227,0.513594,0.073548
DDO_87,Data,3.793598,40.245785,0.413855,0.540926,0.067336
DDO_87,Data,3.793598,40.245785,0.471848,0.661684,0.074045
DDO_87,Data,3.793598,40.245785,0.532476,0.697713,0.064355
DDO_87,Data,3.793598,40.245785,0.590468,0.740699,0.073797
DDO_87,Data,3.793598,40.245785,0.648461,0.811017,0.080008
DDO_87,Data,3.793598,40.245785,0.709089,0.850027,0.067336
DDO_87,Data,3.793598,40.245785,0.767082,0.880589,0.08299
DDO_87,Data,3.793598,40.245785,0.82771,0.925314,0.085723
DDO_87,Data,3.793598,40.245785,0.885703,0.966312,0.087711
DDO_87,Data,3.793598,40.245785,0.943695,0.985693,0.092184
DDO_87,Data,3.793598,40.245785,1.004324,1.001099,0.083239
DDO_87,Data,3.793598,40.245785,1.062316,1.018989,0.099141
DDO_87,Data,3.793598,40.245785,1.122945,1.060235,0.096408
DDO_87,Data,3.793598,40.245785,1.180937,1.103221,0.078021
DDO_87,Data,3.793598,40.245785,1.238929,1.185963,0.076033
DDO_87,Data,3.793598,40.245785,1.299558,1.241124,0.080257
DDO_87,Data,3.793598,40.245785,1.35755,1.256778,0.089699
DDO_87,Data,3.793598,40.245785,1.418179,1.226961,0.082742
DDO_87,Data,3.793598,40.245785,1.476171,1.30026,0.08299
DDO_87,Data,3.793598,40.245785,1.534164,1.344489,0.080754
DDO_87,Data,3.793598,40.245785,1.594792,1.32958,0.089947
DDO_87,Data,3.793598,40.245785,1.652785,1.278643,0.091935
DDO_87,Data,3.793598,40.245785,1.713413,1.257275,0.088953
DDO_87,Data,3.793598,40.245785,1.771405,1.243111,0.081499
DDO_87,Data,3.793598,40.245785,1.829398,1.32312,0.083735
DDO_87,Data,3.793598,40.245785,1.890026,1.374802,0.063112
DDO_87,Data,3.793598,40.245785,1.948019,1.407104,0.07479
DDO_87,Model,4.751783,47.079933,0.046298,0.076106,0.076253
DDO_87,Model,4.751783,47.079933,0.094701,0.154609,0.069456
DDO_87,Model,4.751783,47.079933,0.141,0.227747,0.048641
DDO_87,Model,4.751783,47.079933,0.189403,0.301334,0.058836
DDO_87,Model,4.751783,47.079933,0.235701,0.368378,0.064996
DDO_87,Model,4.751783,47.079933,0.281999,0.431759,0.062872
DDO_87,Model,4.751783,47.079933,0.330402,0.493879,0.057562
DDO_87,Model,4.751783,47.079933,0.376701,0.549279,0.063297
DDO_87,Model,4.751783,47.079933,0.425104,0.603062,0.055013
DDO_87,Model,4.751783,47.079933,0.471402,0.650696,0.063084
DDO_87,Model,4.751783,47.079933,0.5177,0.694806,0.068394
DDO_87,Model,4.751783,47.079933,0.566103,0.737397,0.057562
DDO_87,Model,4.751783,47.079933,0.612402,0.775018,0.070943
DDO_87,Model,4.751783,47.079933,0.660805,0.81135,0.07328
DDO_87,Model,4.751783,47.079933,0.707103,0.843476,0.074979
DDO_87,Model,4.751783,47.079933,0.753401,0.873259,0.078802
DDO_87,Model,4.751783,47.079933,0.801804,0.902113,0.071156
DDO_87,Model,4.751783,47.079933,0.848103,0.927722,0.084749
DDO_87,Model,4.751783,47.079933,0.896506,0.952605,0.082413
DDO_87,Model,4.751783,47.079933,0.942804,0.974761,0.066695
DDO_87,Model,4.751783,47.079933,0.989102,0.995452,0.064996
DDO_87,Model,4.751783,47.079933,1.037505,1.015653,0.068607
DDO_87,Model,4.751783,47.079933,1.083804,1.033729,0.076678
DDO_87,Model,4.751783,47.079933,1.132207,1.051437,0.070731
DDO_87,Model,4.751783,47.079933,1.178505,1.067332,0.070943
DDO_87,Model,4.751783,47.079933,1.224803,1.082291,0.069032
DDO_87,Model,4.751783,47.079933,1.273206,1.097013,0.076891
DDO_87,Model,4.751783,47.079933,1.319505,1.110286,0.07859
DDO_87,Model,4.751783,47.079933,1.367908,1.123387,0.076041
DDO_87,Model,4.751783,47.079933,1.414206,1.135233,0.069669
DDO_87,Model,4.751783,47.079933,1.460504,1.146461,0.07158
DDO_87,Model,4.751783,47.079933,1.508907,1.157585,0.053951
DDO_87,Model,4.751783,47.079933,1.555206,1.16768,0.063934
DDO_52,Data,5.43,60.259998,0.062615,0.217391,0.141553
DDO_52,Data,5.43,60.259998,0.12523,0.340524,0.109857
DDO_52,Data,5.43,60.259998,0.187845,0.473614,0.105045
DDO_52,Data,5.43,60.259998,0.25046,0.539661,0.057252
DDO_52,Data,5.43,60.259998,0.313076,0.625124,0.058745
DDO_52,Data,5.43,60.259998,0.375691,0.718055,0.060903
DDO_52,Data,5.43,60.259998,0.438306,0.782941,0.068868
DDO_52,Data,5.43,60.259998,0.500921,0.810986,0.060903
DDO_52,Data,5.43,60.259998,0.563536,0.829904,0.056588
DDO_52,Data,5.43,60.259998,0.626151,0.89844,0.04912
DDO_52,Data,5.43,60.259998,0.688766,0.947063,0.054265
DDO_52,Data,5.43,60.259998,0.74954,0.967142,0.062396
DDO_52,Data,5.43,60.259998,0.812155,1.003485,0.068868
DDO_52,Data,5.43,60.259998,0.87477,1.024228,0.072021
DDO_52,Data,5.43,60.259998,0.937385,1.0078,0.077829
DDO_52,Data,5.43,60.259998,1.0,1.0,0.084135
DDO_52,Model,3.934435,55.782291,0.086416,0.180441,0.152916
DDO_52,Model,3.934435,55.782291,0.172833,0.344948,0.118676
DDO_52,Model,3.934435,55.782291,0.259249,0.484921,0.113477
DDO_52,Model,3.934435,55.782291,0.345666,0.599531,0.061848
DDO_52,Model,3.934435,55.782291,0.432082,0.692071,0.063461
DDO_52,Model,3.934435,55.782291,0.518499,0.766846,0.065791
DDO_52,Model,3.934435,55.782291,0.604915,0.827757,0.074396
DDO_52,Model,3.934435,55.782291,0.691332,0.877935,0.065791
DDO_52,Model,3.934435,55.782291,0.777748,0.919769,0.061131
DDO_52,Model,3.934435,55.782291,0.864165,0.955054,0.053063
DDO_52,Model,3.934435,55.782291,0.950581,0.985146,0.058621
DDO_52,Model,3.934435,55.782291,1.034456,1.010357,0.067405
DDO_52,Model,3.934435,55.782291,1.120872,1.032982,0.074396
DDO_52,Model,3.934435,55.782291,1.207289,1.052807,0.077802
DDO_52,Model,3.934435,55.782291,1.293705,1.070313,0.084077
DDO_52,Model,3.934435,55.782291,1.380122,1.085871,0.090889
DDO_46,Data,1.964409,72.984924,0.076359,0.200452,0.072892
DDO_46,Data,1.964409,72.984924,0.157808,0.338015,0.036446
DDO_46,Data,1.964409,72.984924,0.234167,0.485854,0.037405
DDO_46,Data,1.964409,72.984924,0.315617,0.574365,0.062616
DDO_46,Data,1.964409,72.984924,0.391975,0.683155,0.056861
DDO_46,Data,1.964409,72.984924,0.468334,0.730288,0.051243
DDO_46,Data,1.964409,72.984924,0.549784,0.858122,0.042338
DDO_46,Data,1.964409,72.984924,0.626143,0.919368,0.038775
DDO_46,Data,1.964409,72.984924,0.702501,0.957595,0.04316
DDO_46,Data,1.964409,72.984924,0.783951,0.937728,0.048914
DDO_46,Data,1.964409,72.984924,0.86031,0.985957,0.046311
DDO_46,Data,1.964409,72.984924,0.941759,0.991849,0.045626
DDO_46,Data,1.964409,72.984924,1.018118,1.002536,0.052888
DDO_46,Data,1.964409,72.984924,1.094477,1.045695,0.058779
DDO_46,Data,1.964409,72.984924,1.175926,1.016374,0.056039
DDO_46,Data,1.964409,72.984924,1.252285,1.012401,0.055765
DDO_46,Data,1.964409,72.984924,1.328644,0.995,0.050969
DDO_46,Data,1.964409,72.984924,1.410093,0.969789,0.052203
DDO_46,Data,1.964409,72.984924,1.486452,0.965542,0.062342
DDO_46,Data,1.964409,72.984924,1.567901,0.839762,0.06974
DDO_46,Data,1.964409,72.984924,1.64426,0.757828,0.057409
DDO_46,Data,1.964409,72.984924,1.720619,0.662055,0.040967
DDO_46,Data,1.964409,72.984924,1.802069,0.560664,0.073988
DDO_46,Model,1.470362,66.665848,0.102016,0.209886,0.079801
DDO_46,Model,1.470362,66.665848,0.210832,0.406841,0.0399
DDO_46,Model,1.470362,66.665848,0.312848,0.555805,0.040951
DDO_46,Model,1.470362,66.665848,0.421665,0.679286,0.068551
DDO_46,Model,1.470362,66.665848,0.523681,0.768747,0.062251
DDO_46,Model,1.470362,66.665848,0.625696,0.839188,0.056101
DDO_46,Model,1.470362,66.665848,0.734513,0.898844,0.046351
DDO_46,Model,1.470362,66.665848,0.836529,0.943992,0.042451
DDO_46,Model,1.470362,66.665848,0.938544,0.981282,0.047251
DDO_46,Model,1.470362,66.665848,1.047361,1.014425,0.053551
DDO_46,Model,1.470362,66.665848,1.149377,1.040651,0.050701
DDO_46,Model,1.470362,66.665848,1.258193,1.064556,0.049951
DDO_46,Model,1.470362,66.665848,1.360209,1.083904,0.057901
DDO_46,Model,1.470362,66.665848,1.462225,1.100839,0.064351
DDO_46,Model,1.470362,66.665848,1.571041,1.116716,0.061351
DDO_46,Model,1.470362,66.665848,1.673057,1.129889,0.061051
DDO_46,Model,1.470362,66.665848,1.775073,1.141671,0.055801
DDO_46,Model,1.470362,66.665848,1.88389,1.152938,0.057151
DDO_46,Model,1.470362,66.665848,1.985905,1.162459,0.068251
DDO_47,Data,4.99,63.740002,0.046092,0.240979,0.070286
DDO_47,Data,4.99,63.740002,0.09018,0.312676,0.061657
DDO_47,Data,4.99,63.740002,0.136273,0.292752,0.039379
DDO_47,Data,4.99,63.740002,0.182365,0.319893,0.028397
DDO_47,Data,4.99,63.740002,0.226453,0.317383,0.041104
DDO_47,Data,4.99,63.740002,0.272545,0.3246,0.034201
DDO_47,Data,4.99,63.740002,0.318637,0.342956,0.026985
DDO_47,Data,4.99,63.740002,0.364729,0.363508,0.030593
DDO_47,Data,4.99,63.740002,0.408818,0.373235,0.032633
DDO_47,Data,4.99,63.740002,0.45491,0.384374,0.028083
DDO_47,Data,4.99,63.740002,0.501002,0.432538,0.029338
DDO_47,Data,4.99,63.740002,0.54509,0.48588,0.02824
DDO_47,Data,4.99,63.740002,0.591182,0.556009,0.032319
DDO_47,Data,4.99,63.740002,0.637275,0.614057,0.02871
DDO_47,Data,4.99,63.740002,0.681363,0.691559,0.026357
DDO_47,Data,4.99,63.740002,0.727455,0.760904,0.029024
DDO_47,Data,4.99,63.740002,0.773547,0.834641,0.034201
DDO_47,Data,4.99,63.740002,0.817635,0.892689,0.040163
DDO_47,Data,4.99,63.740002,0.863728,0.918575,0.03781
DDO_47,Data,4.99,63.740002,0.90982,0.943207,0.034358
DDO_47,Data,4.99,63.740002,0.953908,0.975212,0.032162
DDO_47,Data,4.99,63.740002,1.0,1.0,0.034045
DDO_47,Data,4.99,63.740002,1.046092,0.996078,0.035457
DDO_47,Data,4.99,63.740002,1.092184,0.981801,0.036241
DDO_47,Data,4.99,63.740002,1.136273,0.981017,0.034829
DDO_47,Data,4.99,63.740002,1.182365,0.968152,0.037496
DDO_47,Data,4.99,63.740002,1.228457,0.964387,0.036712
DDO_47,Data,4.99,63.740002,1.272545,0.988233,0.033417
DDO_47,Data,4.99,63.740002,1.318637,0.982272,0.031534
DDO_47,Data,4.99,63.740002,1.36473,1.008472,0.031064
DDO_47,Data,4.99,63.740002,1.408818,1.013492,0.032946
DDO_47,Data,4.99,63.740002,1.45491,0.973486,0.032005
DDO_47,Data,4.99,63.740002,1.501002,0.968623,0.034515
DDO_47,Data,4.99,63.740002,1.54509,1.015061,0.033103
DDO_47,Model,4.99,63.740002,0.046092,0.055751,0.070286
DDO_47,Model,4.99,63.740002,0.09018,0.108751,0.061657
DDO_47,Model,4.99,63.740002,0.136273,0.163486,0.039379
DDO_47,Model,4.99,63.740002,0.182365,0.217222,0.028397
DDO_47,Model,4.99,63.740002,0.226453,0.267427,0.041104
DDO_47,Model,4.99,63.740002,0.272545,0.318439,0.034201
DDO_47,Model,4.99,63.740002,0.318637,0.367752,0.026985
DDO_47,Model,4.99,63.740002,0.364729,0.415223,0.030593
DDO_47,Model,4.99,63.740002,0.408818,0.458814,0.032633
DDO_47,Model,4.99,63.740002,0.45491,0.502436,0.028083
DDO_47,Model,4.99,63.740002,0.501002,0.54404,0.029338
DDO_47,Model,4.99,63.740002,0.54509,0.581955,0.02824
DDO_47,Model,4.99,63.740002,0.591182,0.61966,0.032319
DDO_47,Model,4.99,63.740002,0.637275,0.655438,0.02871
DDO_47,Model,4.99,63.740002,0.681363,0.687918,0.026357
DDO_47,Model,4.99,63.740002,0.727455,0.720127,0.029024
DDO_47,Model,4.99,63.740002,0.773547,0.750629,0.034201
DDO_47,Model,4.99,63.740002,0.817635,0.778288,0.040163
DDO_47,Model,4.99,63.740002,0.863728,0.805703,0.03781
DDO_47,Model,4.99,63.740002,0.90982,0.831665,0.034358
DDO_47,Model,4.99,63.740002,0.953908,0.85522,0.032162
DDO_47,Model,4.99,63.740002,1.0,0.878585,0.034045
DDO_47,Model,4.99,63.740002,1.046092,0.900742,0.035457
DDO_47,Model,4.99,63.740002,1.092184,0.921765,0.036241
DDO_47,Model,4.99,63.740002,1.136273,0.940877,0.034829
DDO_47,Model,4.99,63.740002,1.182365,0.959881,0.037496
DDO_47,Model,4.99,63.740002,1.228457,0.977948,0.036712
DDO_47,Model,4.99,63.740002,1.272545,0.994408,0.033417
DDO_47,Model,4.99,63.740002,1.318637,1.01081,0.031534
DDO_47,Model,4.99,63.740002,1.36473,1.026439,0.031064
DDO_47,Model,4.99,63.740002,1.408818,1.040709,0.032946
DDO_47,Model,4.99,63.740002,1.45491,1.054961,0.032005
DDO_47,Model,4.99,63.740002,1.501002,1.068571,0.034515
DDO_47,Model,4.99,63.740002,1.54509,1.081025,0.033103
NGC_3738,Data,1.183773,116.466866,0.067581,0.189582,0.026875
NGC_3738,Data,1.183773,116.466866,0.194294,0.374012,0.02842
NGC_3738,Data,1.183773,116.466866,0.321007,0.522209,0.029365
NGC_3738,Data,1.183773,116.466866,0.447721,0.696335,0.033915
NGC_3738,Data,1.183773,116.466866,0.574434,0.871321,0.036577
NGC_3738,Data,1.183773,116.466866,0.709595,0.877846,0.045249
NGC_3738,Data,1.183773,116.466866,0.836309,0.893988,0.042072
NGC_3738,Data,1.183773,116.466866,0.963022,0.963192,0.045678
NGC_3738,Data,1.183773,116.466866,1.089736,1.089323,0.046537
NGC_3738,Data,1.183773,116.466866,1.216449,1.139723,0.055295
NGC_3738,Data,1.183773,116.466866,1.35161,1.105035,0.043017
NGC_3738,Data,1.183773,116.466866,1.478324,1.078161,0.043446
NGC_3738,Model,1.228868,118.875824,0.065101,0.135208,0.02633
NGC_3738,Model,1.228868,118.875824,0.187164,0.366178,0.027844
NGC_3738,Model,1.228868,118.875824,0.309228,0.549936,0.02877
NGC_3738,Model,1.228868,118.875824,0.431291,0.687705,0.033228
NGC_3738,Model,1.228868,118.875824,0.553355,0.790229,0.035836
NGC_3738,Model,1.228868,118.875824,0.683556,0.872179,0.044332
NGC_3738,Model,1.228868,118.875824,0.805619,0.931072,0.041219
NGC_3738,Model,1.228868,118.875824,0.927683,0.977692,0.044753
NGC_3738,Model,1.228868,118.875824,1.049746,1.015345,0.045594
NGC_3738,Model,1.228868,118.875824,1.17181,1.046319,0.054174
NGC_3738,Model,1.228868,118.875824,1.302011,1.073784,0.042145
NGC_3738,Model,1.228868,118.875824,1.424075,1.095479,0.042565
